branch_id,step,original_accuracy,reconstructed_accuracy,accuracy_loss
8,157,0.944,0.9414,0.0025999999999999357
8,314,0.9439,0.9414,0.0024999999999999467
8,470,0.9443,0.9414,0.0029000000000000137
8,626,0.946,0.9415,0.0044999999999999485
8,783,0.9454,0.9414,0.0040000000000000036
8,939,0.9457,0.9417,0.0040000000000000036
8,1095,0.9461,0.9416,0.0045000000000000595
8,1252,0.9463,0.9416,0.0047000000000000375
8,1408,0.9466,0.9418,0.0048000000000000265
8,1564,0.9462,0.9416,0.0046000000000000485
8,1721,0.9464,0.9414,0.0050000000000000044
8,1877,0.9468,0.9412,0.005599999999999938
8,2034,0.9477,0.9413,0.006399999999999961
8,2190,0.9468,0.9415,0.005299999999999971
8,2346,0.9476,0.9415,0.006099999999999994
8,2503,0.9481,0.9414,0.006700000000000039
8,2659,0.9483,0.9413,0.007000000000000006
8,2815,0.9477,0.9411,0.006599999999999939
8,2972,0.9481,0.9411,0.007000000000000006
8,3128,0.9489,0.9412,0.007699999999999929
