method,seed,status,file,model_sha256,validation_accuracy,generation_seconds,export_seconds,validation_seconds,test_accuracy,nearest_training_row,nearest_training_normalized_rms,nearest_weight_source_test_disagreement,minimum_source_test_disagreement,mean_source_test_disagreement,test_and_proximity_seconds
diffusion,40001,ok,models/diffusion-40001.pt,30a747ca4d2b3fdf4feb9d525e70ef56d08110258720231b77661bf42696d75f,0.9404,0.04740079212933779,0.0007780827581882477,0.006419791840016842,0.9452,120,0.3786041736602783,0.027400000020861626,0.02419999986886978,0.026324372738599777,0.011785374954342842
diffusion,40002,ok,models/diffusion-40002.pt,c8fb91f2d43f8b8b953ea3e0385e63c3ec80dfd2879dc66c9e6ac888c03255a5,0.7933,0.04528795834630728,0.001345125027000904,0.004686125088483095,0.7864,120,0.4405490756034851,0.20260000228881836,0.1996999979019165,0.20321936905384064,0.011959082912653685
diffusion,40003,ok,models/diffusion-40003.pt,af019bc65b2b531e95b0c0d9d824214fb29e11c7883b595e59bd45f43e498cc9,0.9406,0.043510125018656254,0.0010885829105973244,0.005408333148807287,0.9425,120,0.36756667494773865,0.02930000051856041,0.024800000712275505,0.028501251712441444,0.01582966698333621
diffusion,40004,ok,models/diffusion-40004.pt,9fbbfa452de0b38583d9ec0f496ee5289f73b8010c977b8c922aa71731a9565c,0.9408,0.04322045808658004,0.0006420831196010113,0.005242082756012678,0.9452,120,0.37732914090156555,0.027300000190734863,0.023900000378489494,0.026006247848272324,0.01045212522149086
diffusion,40005,ok,models/diffusion-40005.pt,ac3e39f3a464fde82316b3993f5693b00b616019c3691d50e796f708d258cdc7,0.9295,0.04307770915329456,0.0006478750146925449,0.005333625245839357,0.9309,120,0.3829924166202545,0.04740000143647194,0.04360000044107437,0.04691624641418457,0.010162124875932932
diffusion,40006,ok,models/diffusion-40006.pt,3fc335361f4253db327a52c061ff75eb6ecf9e13419d346b7b9803a5285b0924,0.8356,0.04354866687208414,0.0010897084139287472,0.00507804099470377,0.8318,120,0.4307638704776764,0.1565999984741211,0.15389999747276306,0.15711812674999237,0.010112917050719261
diffusion,40007,ok,models/diffusion-40007.pt,075b3b087e9a0f790f2dc467367a92d7bcdaaf143ff40533739a05f44fa0568f,0.9168,0.04254212463274598,0.0006484170444309711,0.005110292229801416,0.9254,159,0.6367400288581848,0.052400000393390656,0.052400000393390656,0.05505187436938286,0.010487459134310484
diffusion,40008,ok,models/diffusion-40008.pt,e3a8e28f8542be905bbc4a220d507a133237754953b52be320c4a6cb979ca198,0.9414,0.044243792071938515,0.0006516249850392342,0.005097415763884783,0.9451,120,0.3748895823955536,0.027000000700354576,0.023600000888109207,0.025943750515580177,0.010166416876018047
diffusion,40009,ok,models/diffusion-40009.pt,11a1cbe620c3b495cf4a8dbe6814f57eac6738372238bdb796e7a7af8cf710e7,0.932,0.043493082746863365,0.0006347917951643467,0.004976499825716019,0.9368,150,0.4632292091846466,0.03799999877810478,0.03539999946951866,0.038186248391866684,0.010121917352080345
diffusion,40010,ok,models/diffusion-40010.pt,228a4d5c1a31b9bfdc1cb8ecc6511e984b893995d54c5e37ccaf0b4322632e35,0.9414,0.044328459072858095,0.0006693750619888306,0.005031667184084654,0.9439,120,0.3662881851196289,0.025699999183416367,0.021299999207258224,0.024877499788999557,0.010444582905620337
diffusion,40011,ok,models/diffusion-40011.pt,494acb8c909654ed295918c0ffcafe1da692a9cdf8b817a9afe4b4429bb06434,0.9388,0.0438832500949502,0.0006340830586850643,0.00502933282405138,0.9406,120,0.37071436643600464,0.03420000150799751,0.030400000512599945,0.03329562395811081,0.011089167091995478
diffusion,40012,ok,models/diffusion-40012.pt,8131c146df4761f9be79d695431e174719f9bd9477b2214d23d27a2215881dea,0.9391,0.04348308267071843,0.0006181248463690281,0.005122875329107046,0.9443,120,0.38686832785606384,0.027899999171495438,0.02500000037252903,0.027031874284148216,0.010512332897633314
diffusion,40013,ok,models/diffusion-40013.pt,2e9fa021f4221307f15ea6ae0bf9575e750bb9d3fecc7f7953dd1ae7a1ec2fe2,0.9319,0.044680667109787464,0.0006127078086137772,0.004956250078976154,0.9331,120,0.38047701120376587,0.04490000009536743,0.04129999876022339,0.04451249912381172,0.010748957749456167
diffusion,40014,ok,models/diffusion-40014.pt,eec2a2b84d10e616ac21a6406ed72d3b36cdf5d364d8902cc78a923f17e6d291,0.9347,0.04346724972128868,0.0006162077188491821,0.004777374677360058,0.9357,120,0.37652355432510376,0.04050000011920929,0.03680000081658363,0.039775002747774124,0.01054762490093708
diffusion,40015,ok,models/diffusion-40015.pt,2226efa50a487f097a432705f6e89b1a3da0e016f882ed1cbd43869c61fdbae9,0.9234,0.04411849984899163,0.0006758328527212143,0.004715416114777327,0.9232,120,0.38929158449172974,0.056299999356269836,0.05299999937415123,0.056376248598098755,0.010740582831203938
diffusion,40016,ok,models/diffusion-40016.pt,a58ef00887442e5202ced7bb892c85f84532d7f25f701ad3974644dbc9f0ac99,0.9411,0.043743791058659554,0.0006608329713344574,0.004570583812892437,0.9451,120,0.3750985264778137,0.027000000700354576,0.023600000888109207,0.025943750515580177,0.011070124804973602
diffusion,40017,ok,models/diffusion-40017.pt,8b5cefa721e289aad8f93efa8fc953603fa0f5e7d764e439a57b9fd5fd762ae3,0.5106,0.04267683392390609,0.0006518750451505184,0.004406624939292669,0.5101,120,0.4918913245201111,0.48579999804496765,0.482699990272522,0.4860449731349945,0.01035812497138977
diffusion,40018,ok,models/diffusion-40018.pt,7e3655e07a768ce01b672a5f7ac9876bae32fc9e0ebab031c4c528714abf58b2,0.9411,0.04230679199099541,0.0005819578655064106,0.004604041110724211,0.9454,120,0.3740726113319397,0.02669999934732914,0.023399999365210533,0.025690000504255295,0.010209625121206045
diffusion,40019,ok,models/diffusion-40019.pt,c7b7e17579febe2e729d5e88eab7cdb5d1a7661d34028c2845f0609e35002623,0.9377,0.0425505843013525,0.0005954587832093239,0.004869207739830017,0.9398,120,0.3716062605381012,0.03530000150203705,0.03139999881386757,0.03435249999165535,0.011048249900341034
diffusion,40020,ok,models/diffusion-40020.pt,c62db1ebdbf490b0105ac3858307b09b76747dd1bcb0436d7c34eeedb65606b6,0.9367,0.04297662526369095,0.000718042254447937,0.0054117911495268345,0.941,145,0.41909247636795044,0.032999999821186066,0.029899999499320984,0.032865624874830246,0.01063879206776619
diffusion,40021,ok,models/diffusion-40021.pt,2b68b3ee5a6d8b0c1ef4b44dcc1d0e94b6ea8214bdec66bf40f2a3b1ed3ebee0,0.9263,0.04361841734498739,0.0006442079320549965,0.004824333358556032,0.9311,78,0.535907506942749,0.04659999907016754,0.043299999088048935,0.045841872692108154,0.01097433315590024
diffusion,40022,ok,models/diffusion-40022.pt,527b67eb7850ac220bdaf2c2f8269299f2ce06cc3e23312545f62f726a847d36,0.9416,0.043313583824783564,0.0006557502783834934,0.0045318747870624065,0.9439,120,0.36610859632492065,0.026200000196695328,0.021800000220537186,0.025382500141859055,0.010478209238499403
diffusion,40023,ok,models/diffusion-40023.pt,70448c0bdda0f8ce2fe45f7918f67188a965fffb2b723059b69a4f596e0081e6,0.9341,0.04280658392235637,0.0005811252631247044,0.005119958892464638,0.935,120,0.3770727515220642,0.04190000146627426,0.03819999843835831,0.04106750339269638,0.010803249664604664
diffusion,40024,ok,models/diffusion-40024.pt,f9dc2452d2c763dedbfe48802ac701c3f5698aa03e5f06379e3a04492bd41f40,0.9406,0.04392883274704218,0.0005850410088896751,0.0046745408326387405,0.9434,120,0.36645373702049255,0.027699999511241913,0.022600000724196434,0.02675437368452549,0.011010291054844856
diffusion,40025,ok,models/diffusion-40025.pt,05c21833f7060cbf436cab72bd8b6e14f36288c42343310ede40ab4a3ac5a839,0.9388,0.04236766695976257,0.0006025410257279873,0.00454666605219245,0.944,120,0.388010710477829,0.028599999845027924,0.025599999353289604,0.027719374746084213,0.01071387529373169
diffusion,40026,ok,models/diffusion-40026.pt,d1f9bae61c1233c3f88947bc3601152d4c92cc629286edcc804ff9d39fdc8114,0.9406,0.06282662507146597,0.0013552499003708363,0.010586750227957964,0.9451,120,0.3779548704624176,0.0272000003606081,0.02419999986886978,0.02617749571800232,0.011322041973471642
diffusion,40027,ok,models/diffusion-40027.pt,0cb91d38522f290c38c20b16456fff86a10a61ed078b18cfab45ce00f852ea38,0.9412,0.04289379110559821,0.0006387080065906048,0.005349708721041679,0.9459,120,0.3676869869232178,0.025599999353289604,0.021700000390410423,0.024393748492002487,0.011016624979674816
diffusion,40028,ok,models/diffusion-40028.pt,daf3de464c341a7a9fa1ed18b456f7811b0cc7bfd3fe092caa41b8ae4cdab410,0.9379,0.04404841689392924,0.0006622918881475925,0.004850624594837427,0.9425,82,0.40183305740356445,0.029500000178813934,0.027400000020861626,0.02989187464118004,0.011719041969627142
diffusion,40029,ok,models/diffusion-40029.pt,3437fb22163baa385db5b8956a18fe0b14a3fa3f4a548d69e60d4dc0f1673bb3,0.9377,0.04263041727244854,0.0006332919001579285,0.004920583218336105,0.9425,82,0.40242379903793335,0.029899999499320984,0.027799999341368675,0.03024812415242195,0.012483416125178337
diffusion,40030,ok,models/diffusion-40030.pt,6c2e2aa68322ab0ca8154d469fc520a7dc0b8a948523732b4de549dd8ac59924,0.8728,0.042752166744321585,0.0006683329120278358,0.004557750187814236,0.8678,120,0.4196072220802307,0.11779999732971191,0.11509999632835388,0.11837188154459,0.01108029205352068
diffusion,40031,ok,models/diffusion-40031.pt,99546705e4e73deb0731f208b7fcca56e723a37f1f1f5bb1ce3cf50d619b0a51,0.9388,0.043063083197921515,0.000632250215858221,0.00514754094183445,0.9439,40,0.38971972465515137,0.027300000190734863,0.025499999523162842,0.027874374762177467,0.010758500080555677
diffusion,40032,ok,models/diffusion-40032.pt,72e5d5370c4247873b177e76abba59e177647278bcdab1b0c251122ca96108cc,0.9405,0.04422483313828707,0.0006584580987691879,0.004501750227063894,0.9433,120,0.36647045612335205,0.027799999341368675,0.022700000554323196,0.026854371652007103,0.010502541903406382
diffusion,40033,ok,models/diffusion-40033.pt,fb0775cec67506b73530dd2a1c1011c75c7311663cec41879ee55dac18a6fe70,0.9416,0.042917707934975624,0.0006046672351658344,0.0048795416951179504,0.9441,120,0.3665016293525696,0.025599999353289604,0.02160000056028366,0.02484999969601631,0.010662415996193886
diffusion,40034,ok,models/diffusion-40034.pt,bed1bcf93c20a8194ceacbccec94c92d0283fc6bd76bef8ab76c8bbddf6fe9ea,0.9045,0.044190125074237585,0.0006234166212379932,0.004786042030900717,0.8994,120,0.40392735600471497,0.08410000056028366,0.08139999955892563,0.08463312685489655,0.01103683328256011
diffusion,40035,ok,models/diffusion-40035.pt,4df9e4438148983bcc777a6a23ba060dc16706124ed64215276d32c75b5f766b,0.9357,0.042396499775350094,0.0006199581548571587,0.004938208032399416,0.9404,146,0.4278397560119629,0.031099999323487282,0.030700000002980232,0.03363000229001045,0.010810290928930044
diffusion,40036,ok,models/diffusion-40036.pt,91e6d085874c0058c33e8d2f3f8fa0f63ea6f4b2c330bb04590c135569c64c76,0.871,0.04329354129731655,0.0006581246852874756,0.005221082828938961,0.8663,120,0.41891413927078247,0.11959999799728394,0.11680000275373459,0.12012000381946564,0.011071875225752592
diffusion,40037,ok,models/diffusion-40037.pt,6bb067182b40c68a84100f017643c308b9c43220e223cf3479a40b1fca70efc1,0.9348,0.04355575004592538,0.0006380421109497547,0.004943124949932098,0.9394,146,0.4358412027359009,0.03290000185370445,0.03229999914765358,0.035251252353191376,0.011005750391632318
diffusion,40038,ok,models/diffusion-40038.pt,d0323b11e1d9f25875216d89d68c9c62c992547414ba96ce23523ef223bb7ab8,0.9345,0.04374816594645381,0.0006599579937756062,0.005439832806587219,0.9355,120,0.3769230544567108,0.041099999099969864,0.03739999979734421,0.0403750017285347,0.010675458237528801
diffusion,40039,ok,models/diffusion-40039.pt,e7e17decbd6fec965e4220c388fed8d01f3dccd9892b1df250d27ed3a4a501f4,0.9349,0.04360412526875734,0.000664709135890007,0.00518804183229804,0.9395,146,0.43366917967796326,0.03280000016093254,0.03220000118017197,0.035151250660419464,0.010608000215142965
diffusion,40040,ok,models/diffusion-40040.pt,5e32ec42535a190776f985847172352a97a0ee64d192c911184260774408aa48,0.9387,0.04849620861932635,0.0006819581612944603,0.004819917026907206,0.9438,40,0.3894709050655365,0.027400000020861626,0.025599999353289604,0.02797437645494938,0.011095333378762007
diffusion,40041,ok,models/diffusion-40041.pt,49c6edba6c7b1ca3fa4c4ac023e7f788d0ae39202095f7c7c2defae4e59e8f17,0.9368,0.04290033271536231,0.0006747911684215069,0.005099041387438774,0.9412,145,0.4196845591068268,0.03280000016093254,0.02969999983906746,0.03266562521457672,0.011189458891749382
diffusion,40042,ok,models/diffusion-40042.pt,aa9b9faa2d31adb2179ea7f1cfe8d78611a7b11bd0478064e66c8696de173684,0.3104,0.04440329084172845,0.0006966246291995049,0.004648291971534491,0.3124,120,0.5699604153633118,0.685699999332428,0.6820999979972839,0.685393750667572,0.01086812512949109
diffusion,40043,ok,models/diffusion-40043.pt,021e239edf90cd1ab6aa4cbdf3185058c218cd1b75f9e6d4c768e647f4ca743d,0.939,0.04286783281713724,0.0006239577196538448,0.004569750279188156,0.9429,121,0.3960890769958496,0.02930000051856041,0.02669999934732914,0.02922687493264675,0.010688332840800285
diffusion,40044,ok,models/diffusion-40044.pt,1fd95bf31faf8f991bbdf5926e89d582cacc94409148a4ed66e56de92905d3d4,0.9407,0.04369629127904773,0.0006600832566618919,0.0047424170188605785,0.9425,120,0.3674473762512207,0.029100000858306885,0.024399999529123306,0.028226250782608986,0.010687292087823153
diffusion,40045,ok,models/diffusion-40045.pt,de799c8c6eb1f9668561cd059a2f4c07b1fe10236fbb32c4616c22193cfdcef7,0.9378,0.043661500327289104,0.0006317077204585075,0.006565915886312723,0.9425,82,0.4012654423713684,0.02969999983906746,0.02759999968111515,0.030118126422166824,0.011092500295490026
diffusion,40046,ok,models/diffusion-40046.pt,8e31d5e2e13729070468dee84ed8fe1dbde3d5945f34658c0761662010af5fbf,0.9347,0.043880625162273645,0.0006606248207390308,0.005120917223393917,0.9396,146,0.43659088015556335,0.03269999846816063,0.032099999487400055,0.03505124896764755,0.011547333095222712
diffusion,40047,ok,models/diffusion-40047.pt,ebd29ac7289cdd044ad02369844e6377c7487d690db8619956492db9744ad6e3,0.7762,0.043306542094796896,0.0006438340060412884,0.004836707841604948,0.7663,120,0.44460853934288025,0.22360000014305115,0.22059999406337738,0.22411684691905975,0.011208291165530682
diffusion,40048,ok,models/diffusion-40048.pt,d5e5299d98acb23c9fd73b9170bfcee08af868e5163da80f83cd4acbd60f0b3e,0.9333,0.04484125040471554,0.0006808750331401825,0.00531291589140892,0.934,120,0.3791029751300812,0.04340000078082085,0.039799999445676804,0.04292125254869461,0.010333958081901073
diffusion,40049,ok,models/diffusion-40049.pt,9f06d0421f952efb0146c57ea3b382400e1a6cc86c80c51a4b9235540296aba1,0.8585,0.0438016252592206,0.0006690830923616886,0.005452041048556566,0.8553,120,0.4241621196269989,0.131400004029274,0.12870000302791595,0.1320406198501587,0.010478249751031399
diffusion,40050,ok,models/diffusion-40050.pt,651b0567be625a06621d20d42b35925364b5b00f79df91d36b61623f893d3113,0.9413,0.04376258375123143,0.0006011249497532845,0.005222208797931671,0.9457,120,0.3737337589263916,0.026599999517202377,0.023399999365210533,0.0255887508392334,0.010803082957863808
diffusion,40051,ok,models/diffusion-40051.pt,f684fe7133ad59a875caa78bc2b90fdf8db41dc56a355479221afa6be89b0e01,0.9222,0.043482833076268435,0.0006158752366900444,0.00610358314588666,0.9212,120,0.39114469289779663,0.05869999900460243,0.05550000071525574,0.058905620127916336,0.010443583130836487
diffusion,40052,ok,models/diffusion-40052.pt,1f62cbac736ff617ea739c58c7c56ace5abdf56b6f56019cdc0d6db8edb44d21,0.9365,0.06961254216730595,0.0006804168224334717,0.004625917412340641,0.9393,120,0.3732929527759552,0.03720000013709068,0.0333000011742115,0.03612687438726425,0.010644832625985146
diffusion,40053,ok,models/diffusion-40053.pt,f000097f9de5a68887030542e136c27ea2c2ddc3c4eaf07892ae79e7befe3542,0.9379,0.042973042000085115,0.0006542922928929329,0.0052656251937150955,0.9424,82,0.40155184268951416,0.02979999966919422,0.027699999511241913,0.03023812733590603,0.01053099986165762
diffusion,40054,ok,models/diffusion-40054.pt,34145f7785034e556da61ba9155c0cf5d48019c8c04b804255d24c7dbc357908,0.9415,0.044134791009128094,0.0006162500940263271,0.004699790850281715,0.9456,120,0.36727815866470337,0.025800000876188278,0.021900000050663948,0.02459375001490116,0.010568625293672085
diffusion,40055,ok,models/diffusion-40055.pt,2e1704f8ef7f0f1a6f28c351062c8ef845f2ca6f57ed8b863866151644fbedba,0.9378,0.04414724977687001,0.0013602501712739468,0.005122999660670757,0.9421,82,0.40672996640205383,0.03020000085234642,0.027699999511241913,0.03044624999165535,0.010575207881629467
diffusion,40056,ok,models/diffusion-40056.pt,bedec59d52f668eca28872ba001a15d3759fe98865e82dace4f73e147f07821c,0.9375,0.04282583296298981,0.000637667253613472,0.004717916715890169,0.9414,82,0.41164159774780273,0.03099999949336052,0.028699999675154686,0.03158562630414963,0.010682040825486183
diffusion,40057,ok,models/diffusion-40057.pt,3f78f3613fe2b50fed7aa35ff6a7b9680afc34556927273afc46bac1846cbca1,0.9287,0.043844500090926886,0.0006122090853750706,0.005030250176787376,0.934,115,0.500545084476471,0.045099999755620956,0.04039999842643738,0.04308687895536423,0.010527624748647213
diffusion,40058,ok,models/diffusion-40058.pt,33aa2ae4f73b2df1c876ce8c457c6359cf5c2dd580686e3caa5dd72a0fff4dde,0.941,0.04352541686967015,0.0006552496924996376,0.0050627076998353004,0.9459,120,0.3678234815597534,0.025599999353289604,0.021700000390410423,0.024393748492002487,0.010411332827061415
diffusion,40059,ok,models/diffusion-40059.pt,17fd98eefafbfc641e2372a3987f309e44d0283685c34c7d5e7d7e9d509ecf26,0.8271,0.043342874851077795,0.0006349170580506325,0.004603249952197075,0.823,120,0.43350914120674133,0.16539999842643738,0.16249999403953552,0.16594937443733215,0.010404624976217747
diffusion,40060,ok,models/diffusion-40060.pt,0bec61c5540d621a90390c01e47a7a7f3eed68283585e1e028dbb9af17ea1399,0.8064,0.04348295787349343,0.0006101252511143684,0.0044158329255878925,0.8041,120,0.4373112618923187,0.18459999561309814,0.1818999946117401,0.18525061011314392,0.010237166192382574
diffusion,40061,ok,models/diffusion-40061.pt,a44e872968adaa20f7b800e7f833ed197e8741beeab805c13a8231e2748e5e8c,0.9407,0.043473582714796066,0.0006582094356417656,0.004737040959298611,0.9417,120,0.36823949217796326,0.030700000002980232,0.026900000870227814,0.030209999531507492,0.010540458839386702
diffusion,40062,ok,models/diffusion-40062.pt,830b1d59fb59cd42c66a5700f146dae2bff0a116551968059dcb3435d607913a,0.939,0.04359983326867223,0.0006662500090897083,0.004844208247959614,0.9442,120,0.3873530924320221,0.0284000001847744,0.02539999969303608,0.02751937508583069,0.010567082557827234
diffusion,40063,ok,models/diffusion-40063.pt,a8599762636b1ca74db6b892215a455177cbba57901139463d48a775062883f9,0.9388,0.04341445816680789,0.0006374591030180454,0.004715833812952042,0.9433,40,0.3944227993488312,0.0284000001847744,0.026399999856948853,0.02885499969124794,0.010260666254907846
diffusion,40064,ok,models/diffusion-40064.pt,e3250e64950a0efe08fc403eaf37cd4e6a491aece8bc4306d7241fdda76b40aa,0.9356,0.04288591630756855,0.0006591249257326126,0.0045363749377429485,0.9382,120,0.3741014301776886,0.03830000013113022,0.03460000082850456,0.03745625168085098,0.011606667190790176
diffusion,40065,ok,models/diffusion-40065.pt,4d3ff49381d5b8a6fd59bfd1f7e1a3333815da64ae6ccacafb6d2c8a60495d82,0.9373,0.042338999919593334,0.0006228331476449966,0.004882125183939934,0.9399,120,0.37204885482788086,0.035599999129772186,0.031700000166893005,0.034501247107982635,0.011030708439648151
diffusion,40066,ok,models/diffusion-40066.pt,1ad958b1f99c691a531c607ab4d01eca4f0a6dca44ce6b7a1052c07c1b501cc6,0.9404,0.04296283284202218,0.0006450419314205647,0.0051321666687726974,0.9452,120,0.3785364329814911,0.027400000020861626,0.02419999986886978,0.026324372738599777,0.015767833217978477
diffusion,40067,ok,models/diffusion-40067.pt,665ed6cd901948014026126c8c2055602a7e90f7148e3aac5ba9309dac0aebd4,0.9284,0.04335404187440872,0.000669834204018116,0.005194332916289568,0.9331,156,0.5116938352584839,0.04270000010728836,0.041200000792741776,0.043886877596378326,0.011071916203945875
diffusion,40068,ok,models/diffusion-40068.pt,d368c43983be76df98cca1b6139f445fa37539e15165ae6920fe549c0b4358ff,0.9391,0.04284420795738697,0.0006163329817354679,0.004988957662135363,0.9432,121,0.39568403363227844,0.028999999165534973,0.026399999856948853,0.028928125277161598,0.010784917045384645
diffusion,40069,ok,models/diffusion-40069.pt,b161149e90cf678eaf95879062f12130b4ac95898204625f1c7c4600e6fee100,0.9325,0.042406334076076746,0.0006370418705046177,0.005119665991514921,0.9375,150,0.46145498752593994,0.037700001150369644,0.035100001841783524,0.0378856286406517,0.011030416935682297
diffusion,40070,ok,models/diffusion-40070.pt,75dc00f6fb2c9025d9ed389026dd1e9392fdf9cac34104a14b55fd22932cf674,0.9362,0.04303262522444129,0.0006204168312251568,0.00499037466943264,0.9405,146,0.4259580671787262,0.03139999881386757,0.030799999833106995,0.03374312445521355,0.011088083032518625
diffusion,40071,ok,models/diffusion-40071.pt,f243db411304e60d5a356eeee24e99360d044814d47cb26a084496c07aae2fb2,0.9409,0.04385995911434293,0.0006567919626832008,0.004958124831318855,0.946,120,0.3715295195579529,0.025699999183416367,0.022600000724196434,0.02492624893784523,0.010634375270456076
diffusion,40072,ok,models/diffusion-40072.pt,080da5c3e81159d11d02d8b10207de15f8298fb105b3421c9db0788d0031b128,0.9377,0.04366366611793637,0.000673375092446804,0.004947042092680931,0.9398,120,0.3716603219509125,0.03550000116229057,0.031599998474121094,0.03441750258207321,0.010839332826435566
diffusion,40073,ok,models/diffusion-40073.pt,1761bc1ed9a4f853028d49ea23c65ea35ab7ee1e09fdd2ff36704ed4f6575564,0.9405,0.042643040884286165,0.000670749694108963,0.00492266658693552,0.9416,120,0.3686921000480652,0.031599998474121094,0.02759999968111515,0.031093750149011612,0.010889708995819092
diffusion,40074,ok,models/diffusion-40074.pt,d420a5f724513481dd6cc692641718f372cdec37c673df650774531ac9cb8c8b,0.9375,0.043887624982744455,0.000633124727755785,0.004757374990731478,0.9412,82,0.41331011056900024,0.031599998474121094,0.02930000051856041,0.03217312693595886,0.011211750097572803
diffusion,40075,ok,models/diffusion-40075.pt,96209c7ba64df7fa089c2214927e3d7d6687c4961fc6aa4ecc83dd27f564098a,0.5995,0.044571541249752045,0.0006685000844299793,0.005056500434875488,0.597,120,0.475746214389801,0.39820000529289246,0.39489999413490295,0.3984437584877014,0.010854499880224466
diffusion,40076,ok,models/diffusion-40076.pt,402bfe270a49e281e24ff6b713c63d6341070246f794968803ee8f98a1689e70,0.9142,0.042916666716337204,0.0006659170612692833,0.00466787489131093,0.9126,120,0.39757102727890015,0.06889999657869339,0.06599999964237213,0.06936687231063843,0.010472708381712437
diffusion,40077,ok,models/diffusion-40077.pt,1fe4e5185eb8134811c00e276bc098496b9a7f739d249103c8da78ad084295c3,0.8813,0.043471958953887224,0.0006273328326642513,0.00467908289283514,0.8758,120,0.4151935875415802,0.10920000076293945,0.10649999976158142,0.10977188497781754,0.010608583688735962
diffusion,40078,ok,models/diffusion-40078.pt,3fb85203f6096ff56761287f7b905cdfa101b9572e81bd938ecab9c7049992ea,0.9416,0.043530582915991545,0.0006099576130509377,0.004705332685261965,0.9441,120,0.366525799036026,0.025599999353289604,0.02160000056028366,0.02484999969601631,0.010942792054265738
diffusion,40079,ok,models/diffusion-40079.pt,10d3fe9a68d81e0a3f5f1883c8f853fb22bbd66acee0d612dac5d8482c906cf4,0.9177,0.04311462491750717,0.0006089168600738049,0.004762458149343729,0.9152,120,0.39592304825782776,0.065700002014637,0.0625,0.06592375040054321,0.014030790887773037
diffusion,40080,ok,models/diffusion-40080.pt,55053a3adb86f40d198f34745032e770d8320bc9c27f3d73570fd283d3943d04,0.9417,0.043655416928231716,0.000590750016272068,0.004770375322550535,0.9458,120,0.36955609917640686,0.02630000002682209,0.022600000724196434,0.02506124973297119,0.01033174991607666
diffusion,40081,ok,models/diffusion-40081.pt,c035e1c21b7bbd55296eeae443947c065d40f7e992704ef31dcd7ab71a0b7296,0.8947,0.044144374784082174,0.0006147921085357666,0.004819124937057495,0.8895,120,0.4094085097312927,0.09510000050067902,0.09220000356435776,0.09553687274456024,0.010426250286400318
diffusion,40082,ok,models/diffusion-40082.pt,5233b8f5f52fae9a96845747559bbe57b829ef0092885f8014ddf655eedbd24a,0.9104,0.043617499992251396,0.0006222915835678577,0.004669541958719492,0.9071,120,0.40052276849746704,0.07490000128746033,0.0722000002861023,0.07543937861919403,0.010990165639668703
diffusion,40083,ok,models/diffusion-40083.pt,8cc65c73f3c17da540e4961ee68f52e1ac7150fdb2e55ffcdaf34d3c61a26d60,0.9318,0.04411970777437091,0.0006418749690055847,0.004835749976336956,0.9326,120,0.38150203227996826,0.04560000076889992,0.041999999433755875,0.045061249285936356,0.011161708272993565
diffusion,40084,ok,models/diffusion-40084.pt,329cf2812623ae1db3ab1187d0d03765aa9e8e5ec6f1527d60d91152bdb1ea39,0.9331,0.04186662519350648,0.0006394172087311745,0.004791792016476393,0.9378,150,0.45301297307014465,0.03680000081658363,0.03420000150799751,0.03698562830686569,0.01031795796006918
diffusion,40085,ok,models/diffusion-40085.pt,80d4e4d7df4deaa439bdaf029fe08c36ac7cb9c4bb1e85edacf87b4d4316f52a,0.9156,0.0435348330065608,0.0006730412133038044,0.004868207965046167,0.9127,120,0.39865434169769287,0.06870000064373016,0.06589999794960022,0.06927312910556793,0.01012141676619649
diffusion,40086,ok,models/diffusion-40086.pt,3597b2c19a1c1f1bf177e8e03c02ed270e3c5ff2566d08acb0245bd1f4302e47,0.9285,0.043507374823093414,0.0006445413455367088,0.004708415828645229,0.9335,115,0.5024775862693787,0.04540000110864639,0.040699999779462814,0.04333062469959259,0.010559665970504284
diffusion,40087,ok,models/diffusion-40087.pt,40908a3ff7a2b53e54720b957d536b8daa7b7a29303479b754f415387130ad35,0.9292,0.0437927907332778,0.0006584166549146175,0.0048761251382529736,0.9346,112,0.48780593276023865,0.039500001817941666,0.039000000804662704,0.04155312478542328,0.010873999912291765
diffusion,40088,ok,models/diffusion-40088.pt,2615ac25315adac078b399c76314b7925c357350bef04decbf8c9c3812d9a47a,0.9418,0.043679249938577414,0.000641500111669302,0.004948666784912348,0.9457,120,0.3698578476905823,0.02630000002682209,0.02239999920129776,0.025053750723600388,0.010375624988228083
diffusion,40089,ok,models/diffusion-40089.pt,b688918749f33f62641a7a40c8885cd72eca8dd5a388660540fa5831ada8954f,0.9413,0.0436228746548295,0.0006577908061444759,0.005026832688599825,0.9452,120,0.3745552897453308,0.027000000700354576,0.02370000071823597,0.025985002517700195,0.010389875154942274
diffusion,40090,ok,models/diffusion-40090.pt,917a0ce9e77a2c98799fb380c4b99457eaf6689df2d5b217c8d330b591ba08c2,0.9415,0.042969499714672565,0.0006224159151315689,0.004936582874506712,0.9455,120,0.3692972660064697,0.026200000196695328,0.022099999710917473,0.024896249175071716,0.010487291030585766
diffusion,40091,ok,models/diffusion-40091.pt,0c2d3b43bc9ad57c8e853d513a4972ad40e49ffca01a57b14d07acc7c3cf252c,0.9413,0.042104125022888184,0.0006887912750244141,0.004992958158254623,0.944,120,0.3662121295928955,0.025699999183416367,0.0215000007301569,0.024812500923871994,0.010354707948863506
diffusion,40092,ok,models/diffusion-40092.pt,be90ca0e84121adf6c786117af1ad0b5bb5df036744215d451a38e844f581d5a,0.9416,0.04464108403772116,0.0006955000571906567,0.00486050033941865,0.9457,120,0.36900317668914795,0.02590000070631504,0.02199999988079071,0.024740001186728477,0.01037170784547925
diffusion,40093,ok,models/diffusion-40093.pt,70888bf3c04db4b08db7bf0efb43078e31919eefc63b7213f522de57074bb099,0.9416,0.04470620770007372,0.0006222501397132874,0.005123957991600037,0.9454,120,0.3702112138271332,0.026200000196695328,0.022299999371170998,0.024988751858472824,0.010709166992455721
diffusion,40094,ok,models/diffusion-40094.pt,ff0522cf41a3817651e2dd3333eb53df0170ef22dd930449d48008488200ae1b,0.8286,0.044377457816153765,0.0013474170118570328,0.004603791981935501,0.8255,120,0.4322279095649719,0.16279999911785126,0.16009999811649323,0.16343313455581665,0.010463332757353783
diffusion,40095,ok,models/diffusion-40095.pt,f855458e90c93a54a76c1ec7639441b3c3ac7bb0a9c73da57f63b7beb69404ac,0.9317,0.04395370790734887,0.0006557912565767765,0.004851708188652992,0.9331,120,0.3806426525115967,0.045099999755620956,0.04149999842047691,0.044561248272657394,0.010254249908030033
diffusion,40096,ok,models/diffusion-40096.pt,093f3ebbffd447ad7682b17bf77ba7788a43ad5ee7440fd7515952655181c5aa,0.9409,0.043547334149479866,0.0006604171358048916,0.004833540879189968,0.9427,120,0.3670303225517273,0.027899999171495438,0.02319999970495701,0.027156252413988113,0.010285708121955395
diffusion,40097,ok,models/diffusion-40097.pt,130e6d6906e189b01aca1951c166b02778069bd27039b626d000dd38b0100702,0.9379,0.04295045789331198,0.0006225411780178547,0.0049188751727342606,0.9427,82,0.4002801179885864,0.029500000178813934,0.027400000020861626,0.02991812489926815,0.010570999700576067
diffusion,40098,ok,models/diffusion-40098.pt,ca4ff8e9664e3490d65ede1f93d2178e1c08563c22e8ec54421df002b9a7322e,0.9063,0.04421229101717472,0.0006938748992979527,0.004637958947569132,0.9021,120,0.40356966853141785,0.08070000261068344,0.07800000160932541,0.08120499551296234,0.010232875123620033
diffusion,40099,ok,models/diffusion-40099.pt,898db3142b3f02aeb456e1d7a87b29984456e9022f598b4ae1388e23d0ab51d0,0.9408,0.04403566662222147,0.0006158747710287571,0.004737417213618755,0.9425,120,0.36718377470970154,0.028699999675154686,0.024000000208616257,0.027768749743700027,0.01017516665160656
diffusion,40100,ok,models/diffusion-40100.pt,7226680f6408a5d706fa3b2f745c62e9a08d7c847e1d573894b63242192b7715,0.9414,0.04388474998995662,0.0006165001541376114,0.004818833898752928,0.9457,120,0.3680723309516907,0.025800000876188278,0.021900000050663948,0.02458750084042549,0.010091874748468399
gaussian,40001,ok,models/gaussian-40001.pt,fa93e74af2237da16bdfd0e25ea155c7a284f3225285b1147d996d21f4666533,0.9413,0.000774540938436985,0.0005248752422630787,0.004872708115726709,0.9445,120,0.36681193113327026,0.025800000876188278,0.021700000390410423,0.02497125044465065,0.010268750134855509
gaussian,40002,ok,models/gaussian-40002.pt,39e57248040a7b9702216c40924e1b669ebf98dce8b936073aff2718fa6c83c0,0.9415,0.0008459999226033688,0.0005385424010455608,0.004725416656583548,0.9449,120,0.3667823374271393,0.025200000032782555,0.021700000390410423,0.024477500468492508,0.010380042251199484
gaussian,40003,ok,models/gaussian-40003.pt,bfdfdb2826facff1ab2ec1bcb810da21bcbd7898992b7ed7125331191b83d28e,0.9413,0.0008285841904580593,0.0005132080987095833,0.004638665821403265,0.9449,120,0.36689192056655884,0.02539999969303608,0.02160000056028366,0.024608124047517776,0.010434375144541264
gaussian,40004,ok,models/gaussian-40004.pt,5f5fdbb4d98a33a6f9e9f8c6390ac82c98ff51adc8c184d34297880678477dfe,0.9416,0.0008244160562753677,0.0005356660112738609,0.004713834263384342,0.945,120,0.3668901026248932,0.026000000536441803,0.022099999710917473,0.025065625086426735,0.010409540962427855
gaussian,40005,ok,models/gaussian-40005.pt,8d86f5d3445fd3644075c57d4194a57374b447f67038e20a810b05dabb387cb5,0.9414,0.0007898341864347458,0.0009637917391955853,0.0048313746228814125,0.9442,120,0.36683720350265503,0.025699999183416367,0.02199999988079071,0.02495875023305416,0.010318749584257603
gaussian,40006,ok,models/gaussian-40006.pt,2e95dd60f8b53af71fadda72ac892451c3924ff2fe5fe14c12f0b9c35711517a,0.9415,0.0009630001150071621,0.0005798325873911381,0.005647166632115841,0.9447,120,0.3667662441730499,0.026200000196695328,0.022299999371170998,0.025394374504685402,0.010375000070780516
gaussian,40007,ok,models/gaussian-40007.pt,7a6ed5e3055e1a5a293965e1e678de7dfeabc930956a39cc46e2a5ab6dbd17f2,0.9415,0.0008749580010771751,0.0005443328991532326,0.004863665904849768,0.9456,120,0.36699703335762024,0.025599999353289604,0.021800000220537186,0.02450750209391117,0.010603833012282848
gaussian,40008,ok,models/gaussian-40008.pt,cc971d0cfa206a52877cea4e68022cde27b401e39449104278dd1ae186805c31,0.9415,0.0008631246164441109,0.000535166822373867,0.004968707915395498,0.9445,120,0.3668840527534485,0.025599999353289604,0.021800000220537186,0.024869998916983604,0.010707833338528872
gaussian,40009,ok,models/gaussian-40009.pt,64f3948ecaa5806eb787c1f58ea2b6b76c242f8f983f8dc50c2d34793a15ce66,0.9413,0.0009703328832983971,0.0005667498335242271,0.004961166996508837,0.9447,120,0.36681684851646423,0.025599999353289604,0.02199999988079071,0.024857500568032265,0.010475208051502705
gaussian,40010,ok,models/gaussian-40010.pt,dd24b17a43b73419ecda69bba72eafdff52903310478551900aa01659930a94e,0.9418,0.0008750837296247482,0.0005207499489188194,0.00488333310931921,0.9444,120,0.36684492230415344,0.026000000536441803,0.021700000390410423,0.025168750435113907,0.010223290883004665
gaussian,40011,ok,models/gaussian-40011.pt,fb123bb5368202b7153543d86e75b8f91cea1633d6c691cf15e7dce27aab7fab,0.9421,0.000814415980130434,0.0005413331091403961,0.004840624984353781,0.945,120,0.3668895959854126,0.026000000536441803,0.021900000050663948,0.024936875328421593,0.010363291949033737
gaussian,40012,ok,models/gaussian-40012.pt,f030cf8944d1d500b89f6af14368dfd98873fca9a13906921783751ef98ef6f3,0.9413,0.0008171666413545609,0.0005118339322507381,0.004878458101302385,0.9438,120,0.36680880188941956,0.026000000536441803,0.021800000220537186,0.025226250290870667,0.01037704199552536
gaussian,40013,ok,models/gaussian-40013.pt,6455546e45085e043db01dedfc9af752badaf7584afa46e86001ac65fd13138c,0.9419,0.0008084587752819061,0.0005304999649524689,0.0048279170878231525,0.9446,120,0.3668432831764221,0.025800000876188278,0.0215000007301569,0.02484312653541565,0.01026008278131485
gaussian,40014,ok,models/gaussian-40014.pt,1a5fdeb4572311a2ebe0c2152ee63731cc2f9eaf3c219d2a101c9a6e91ecff23,0.9417,0.0008712499402463436,0.0005056252703070641,0.004943625070154667,0.9446,120,0.366801917552948,0.025800000876188278,0.02199999988079071,0.02501874789595604,0.010156749747693539
gaussian,40015,ok,models/gaussian-40015.pt,21207221f8aefc727cdcc978c6e22a248b022d6f02d049d1cc4e34ccf0e8e982,0.9414,0.000814375001937151,0.0005148332566022873,0.005577458068728447,0.9449,120,0.36685097217559814,0.025800000876188278,0.021800000220537186,0.024818750098347664,0.010350707918405533
gaussian,40016,ok,models/gaussian-40016.pt,4bb52875d5e52d1db7a692e50ad75bdbe694de7cb2a3611685eea4203381cece,0.9409,0.0008355001918971539,0.0005554999224841595,0.004838166758418083,0.945,120,0.3668956756591797,0.025299999862909317,0.021700000390410423,0.024557501077651978,0.010341249871999025
gaussian,40017,ok,models/gaussian-40017.pt,0d85de3dd28b76ca60f2536789ff683ea9005374e613b8f00a7ad2b0200fd4ae,0.9413,0.0007976661436259747,0.0005053747445344925,0.004938124679028988,0.9451,120,0.3667997121810913,0.025299999862909317,0.021400000900030136,0.024246249347925186,0.010194540955126286
gaussian,40018,ok,models/gaussian-40018.pt,e1b6f15ace39abb692f025d7c9741a1d70c7faaa7cd58b7516feab33d341dac3,0.9417,0.0007961662486195564,0.0005006669089198112,0.00487733306363225,0.945,120,0.3668961226940155,0.02590000070631504,0.021700000390410423,0.024704376235604286,0.010525125078856945
gaussian,40019,ok,models/gaussian-40019.pt,ab47f36848ab28c11aa4c92508704440ead54e4e97b1f7d10d084462d1971530,0.9421,0.0008421246893703938,0.0005408753640949726,0.00473420787602663,0.9451,120,0.36688950657844543,0.025699999183416367,0.02160000056028366,0.024853751063346863,0.010440458077937365
gaussian,40020,ok,models/gaussian-40020.pt,528b82f64c57857d9bd895e188ef9a46337895dbc5a7fd4655f5ac74bcdd823f,0.9415,0.000803499948233366,0.0005267923697829247,0.004941624589264393,0.9443,120,0.366877019405365,0.026100000366568565,0.022199999541044235,0.02506062388420105,0.011251334100961685
gaussian,40021,ok,models/gaussian-40021.pt,e8a7d382f90e90037c6ba5c0df99082bb753065ef7072cfcf4afdb77c4fe25d8,0.9412,0.0007680421695113182,0.0005264999344944954,0.004922416992485523,0.9445,120,0.3668912351131439,0.025499999523162842,0.021800000220537186,0.024712499231100082,0.010499916970729828
gaussian,40022,ok,models/gaussian-40022.pt,79e2644cc3522123ada093c7b293c9e78cb21d1c319b36162fb94c14bbf6209a,0.9417,0.0007813749834895134,0.0005426662974059582,0.004854166880249977,0.9442,120,0.3669109046459198,0.026000000536441803,0.022099999710917473,0.02527500130236149,0.010804332792758942
gaussian,40023,ok,models/gaussian-40023.pt,b03cdc723b7ca0e018deef10127dd00ae6f04d26135bd81dadb0ab1ce8da34e7,0.9415,0.0008447919972240925,0.0005133333615958691,0.004862667061388493,0.9447,120,0.3668351471424103,0.026100000366568565,0.022199999541044235,0.0251306239515543,0.010653874836862087
gaussian,40024,ok,models/gaussian-40024.pt,27839f238c95119ad69144f1eb39164d1de8d6942a181f713b7b125140a20c19,0.9416,0.0008083339780569077,0.000502999871969223,0.004917833022773266,0.9446,120,0.366812527179718,0.026000000536441803,0.02199999988079071,0.02510562539100647,0.010618374682962894
gaussian,40025,ok,models/gaussian-40025.pt,47fb3794361e41ee905d0a1662e28719101a56094f32209962dc05996fd29fa6,0.9417,0.0008013751357793808,0.0005136248655617237,0.004996375180780888,0.9442,120,0.36684465408325195,0.02539999969303608,0.0215000007301569,0.024643748998641968,0.010925250127911568
gaussian,40026,ok,models/gaussian-40026.pt,3d88f9810cb01cbae3f1475b5457d88b9434ee65afcd47a1ad93e4f41be5ec55,0.9413,0.0008690422400832176,0.0005133328959345818,0.004801332950592041,0.9456,120,0.366842120885849,0.025100000202655792,0.0215000007301569,0.02427249774336815,0.01056337496265769
gaussian,40027,ok,models/gaussian-40027.pt,a775e861280df0c8f6d26c572a5bece7120950ded06052d3d717e3cfe6740b9f,0.9412,0.0008722078055143356,0.0005184155888855457,0.004735999740660191,0.9452,120,0.3668734133243561,0.025200000032782555,0.02160000056028366,0.02436249889433384,0.010213541332632303
gaussian,40028,ok,models/gaussian-40028.pt,ca4ff465babf547e549c3855e85b8d8a5e2d51c7a7be34abd6292db8d33ff864,0.9418,0.0009496249258518219,0.0005351249128580093,0.004871541168540716,0.9447,120,0.36683160066604614,0.025499999523162842,0.02160000056028366,0.024785000830888748,0.0104868751950562
gaussian,40029,ok,models/gaussian-40029.pt,dc3b76fc0fa56ed87a15f3d4bd5d93810376b8ab6da0de4b424de6217213b57b,0.9411,0.000838874839246273,0.00050716707482934,0.004919541999697685,0.9455,120,0.36688318848609924,0.025599999353289604,0.021900000050663948,0.024434376507997513,0.01074125012382865
gaussian,40030,ok,models/gaussian-40030.pt,fc47b62eebda9ae985a78e445a9aa41ac73428008de59f91690adfb20461a4c9,0.9418,0.0008111670613288879,0.0005032089538872242,0.004985291976481676,0.9447,120,0.36680924892425537,0.026200000196695328,0.022299999371170998,0.025449374690651894,0.010539708193391562
gaussian,40031,ok,models/gaussian-40031.pt,819105cb3e0289f024a455c24152e001152d2f1764b32287ffaafdda613fc6d4,0.9414,0.0008115833625197411,0.0004922081716358662,0.0047731660306453705,0.9444,120,0.36692193150520325,0.02539999969303608,0.0215000007301569,0.024598751217126846,0.010358874686062336
gaussian,40032,ok,models/gaussian-40032.pt,5f2664450107d4bb6c3348e7e174e1dc31a0bf124bb99c6def52b3a920ea0ca0,0.9416,0.0008421246893703938,0.0004918328486382961,0.004953416064381599,0.9447,120,0.36682960391044617,0.026100000366568565,0.022199999541044235,0.025103751569986343,0.010668042115867138
gaussian,40033,ok,models/gaussian-40033.pt,68716e26b59cfc05cdeb53f3af8064a946e4cd984135ea69dcacb1c3bee76e8f,0.9412,0.0008083749562501907,0.0005127922631800175,0.004843666218221188,0.945,120,0.36683088541030884,0.026000000536441803,0.02199999988079071,0.025001874193549156,0.010419624857604504
gaussian,40034,ok,models/gaussian-40034.pt,cf89d4b5e9698aea7eecc18c8c4349e7e2337d20bbb34242a90047b4c98ab80d,0.9415,0.0008049169555306435,0.0004913751035928726,0.004925916902720928,0.9443,120,0.3667774796485901,0.025499999523162842,0.021800000220537186,0.024762500077486038,0.010211832821369171
gaussian,40035,ok,models/gaussian-40035.pt,829521ff347277d45b7e56e2302baa9ce215a44856c8e2b7039806c07a23bc1f,0.9412,0.0008692913688719273,0.0005666660144925117,0.004909458104521036,0.9448,120,0.3668838441371918,0.025100000202655792,0.0215000007301569,0.02434374950826168,0.010448832996189594
gaussian,40036,ok,models/gaussian-40036.pt,2b3b9d70942f99d6958e3a5c2879e27a02b2d8913f089d4569172667023abe53,0.9416,0.0008413330651819706,0.0004921671934425831,0.004923583939671516,0.945,120,0.36676159501075745,0.025499999523162842,0.0215000007301569,0.02469624951481819,0.010161458980292082
gaussian,40037,ok,models/gaussian-40037.pt,c6355fda05d804bf425193d7cac28cb73e58a6210019f92c9d05d81b6d9f1753,0.9416,0.0008163750171661377,0.000515165738761425,0.004852958023548126,0.9455,120,0.36691567301750183,0.025499999523162842,0.02160000056028366,0.024293750524520874,0.01031116722151637
gaussian,40038,ok,models/gaussian-40038.pt,aa990e8e0196a31136a96cd1819e96cfe9085d19098a2bd6aa2c142c2dff8b0a,0.9411,0.0008374168537557125,0.0005117496475577354,0.004836541600525379,0.9445,120,0.3668443560600281,0.025599999353289604,0.022099999710917473,0.024877499788999557,0.010166500229388475
gaussian,40039,ok,models/gaussian-40039.pt,0bfa473129891c21b54e68800a46a80e1e5b2e48fe308911a00a202e3f3fbc67,0.9414,0.0008106669411063194,0.0005150409415364265,0.0048467922024428844,0.9449,120,0.3667528033256531,0.025699999183416367,0.02160000056028366,0.02466437593102455,0.009977499954402447
gaussian,40040,ok,models/gaussian-40040.pt,a7abe901ddbf8395dbd9386ec939abcf82e67bb5ca3290f356a89ec8d148fd71,0.9416,0.0008469591848552227,0.0004953751340508461,0.004885791800916195,0.9445,120,0.3669184148311615,0.02590000070631504,0.02160000056028366,0.024785000830888748,0.009948959108442068
gaussian,40041,ok,models/gaussian-40041.pt,f7a0c592208395c4fcbf707118e5dd217660d92caf231f4e704326b6a7a6a7d4,0.9415,0.0008579576388001442,0.00048499973490834236,0.004949083086103201,0.9439,120,0.3668604791164398,0.025699999183416367,0.021800000220537186,0.02498437464237213,0.010053250007331371
gaussian,40042,ok,models/gaussian-40042.pt,8adc1da1cf3c89be4143c931d5a8ef491625e4f6c066d5b0c85660d70a5dc84c,0.9421,0.0008866661228239536,0.0005636247806251049,0.0049589588306844234,0.9448,120,0.36679574847221375,0.02590000070631504,0.02199999988079071,0.024951249361038208,0.010665792040526867
gaussian,40043,ok,models/gaussian-40043.pt,1d6db107da57a682f233f3ebd2633c090c6d7f1563fd5b23b9278a805862887e,0.9416,0.0008435836061835289,0.0005678329616785049,0.00474816607311368,0.9442,120,0.3669413626194,0.025699999183416367,0.021800000220537186,0.024847500026226044,0.010809500236064196
gaussian,40044,ok,models/gaussian-40044.pt,c51f7a85e08f65bc70993888a8ab3ee72588352a1a8b19fe55be80d447e8ae9c,0.9416,0.0008052499033510685,0.0005277502350509167,0.004745000042021275,0.944,120,0.36684679985046387,0.02590000070631504,0.021900000050663948,0.025155002251267433,0.0105895409360528
gaussian,40045,ok,models/gaussian-40045.pt,a948b9efe56f17547a53ab66532913467d7f2a1c55272834faf77d19e5e704dd,0.9416,0.0007929578423500061,0.0005375412292778492,0.004652750212699175,0.9444,120,0.36687609553337097,0.025800000876188278,0.0215000007301569,0.024739375337958336,0.010354999918490648
gaussian,40046,ok,models/gaussian-40046.pt,48e8e6776bf0cdd2b0be3c01b8470732d2814bc63480f4c679d1bf478d23f073,0.9412,0.0007912497967481613,0.00049595907330513,0.004699999932199717,0.9448,120,0.36692968010902405,0.026599999517202377,0.02239999920129776,0.02541624940931797,0.010544542223215103
gaussian,40047,ok,models/gaussian-40047.pt,e938ed0df78b44464b36e167568ce585eea2c80069af689ec8cbe7ec4c895090,0.9417,0.0008089998736977577,0.000538041815161705,0.0047707087360322475,0.9447,120,0.3668249547481537,0.02500000037252903,0.021199999377131462,0.02426312491297722,0.010504249949008226
gaussian,40048,ok,models/gaussian-40048.pt,dac64c69780fcb79dcbaaa4c920ef87560846f036d847f58a445ca0256e012a0,0.9414,0.0007928749546408653,0.0005040406249463558,0.004734249785542488,0.9448,120,0.3668348491191864,0.025699999183416367,0.02160000056028366,0.02470187470316887,0.010538500268012285
gaussian,40049,ok,models/gaussian-40049.pt,3eac24a0e853c89dbf2763a6a37c0e973d915ec64bbb2ccc1bc5d906a887a8ce,0.9413,0.0007865419611334801,0.00048741698265075684,0.004755625035613775,0.9446,120,0.36674973368644714,0.02590000070631504,0.022099999710917473,0.02510625123977661,0.010383041109889746
gaussian,40050,ok,models/gaussian-40050.pt,6d9e23ae8f5cb0440a1a5a4e8605312d3fe52490f904c649176f45cc952d2f9b,0.9416,0.000796792097389698,0.0010074167512357235,0.004620791878551245,0.9445,120,0.3668682873249054,0.025599999353289604,0.021700000390410423,0.024717500433325768,0.010688167065382004
gaussian,40051,ok,models/gaussian-40051.pt,bd256d248512f0ba800f3e083207b58e3a84823ed3b7dc274b867986078ed6fb,0.9415,0.0007834583520889282,0.0004944158717989922,0.004626374691724777,0.9446,120,0.3667728006839752,0.02500000037252903,0.021400000900030136,0.024460624903440475,0.010471374727785587
gaussian,40052,ok,models/gaussian-40052.pt,e86d230c2b27bd8f2c3ac8ab3b329e0d60f7d1e3f59221cfb7d8e96e59bf800e,0.9416,0.0008736657910048962,0.0005106250755488873,0.0046340832486748695,0.9447,120,0.36688199639320374,0.026499999687075615,0.022199999541044235,0.025407498702406883,0.010554625187069178
gaussian,40053,ok,models/gaussian-40053.pt,1dc04d734ef4e5f63cd206ad578d2b186e943a7a38a8e929e387f83cc2ebd6da,0.9415,0.0007874998264014721,0.000494333915412426,0.0047407918609678745,0.9452,120,0.3668401837348938,0.026100000366568565,0.022299999371170998,0.024983126670122147,0.010420083999633789
gaussian,40054,ok,models/gaussian-40054.pt,cbacebcd82bcaedbffc4425e053e6ab35e662472739fd312c228f7afd6f36228,0.9412,0.0007886667735874653,0.0004949592985212803,0.004761749878525734,0.9449,120,0.36689698696136475,0.025299999862909317,0.0215000007301569,0.024500001221895218,0.010076583828777075
gaussian,40055,ok,models/gaussian-40055.pt,8652fa8ce2399f1d594020aced1e1c90f6fad57cc4fe1a618a7edf4cd1d51cfc,0.9415,0.0007862499915063381,0.0005150828510522842,0.004658709280192852,0.9441,120,0.3668915331363678,0.025699999183416367,0.02199999988079071,0.0250062495470047,0.010160333011299372
gaussian,40056,ok,models/gaussian-40056.pt,78843098c4f8a57170724928688cc836cc70301893e1ac41db52f212f2d09844,0.941,0.0007847077213227749,0.0006072497926652431,0.005067167337983847,0.9439,120,0.36683663725852966,0.02590000070631504,0.022099999710917473,0.025228124111890793,0.010628457646816969
gaussian,40057,ok,models/gaussian-40057.pt,1c5c76c9d065e48d91677eb54b63496649ede50b9bf0d706affa601cd7b7e4f9,0.9416,0.0008141659200191498,0.0005672923289239407,0.0048098331317305565,0.9449,120,0.3669247329235077,0.025699999183416367,0.021900000050663948,0.02487124875187874,0.01051070773974061
gaussian,40058,ok,models/gaussian-40058.pt,df84572186b7fd2193117166768141dc42368350588ca283da1f8a39b3709173,0.9415,0.0008348752744495869,0.0005225827917456627,0.004816292319446802,0.9446,120,0.3668379783630371,0.026399999856948853,0.02239999920129776,0.025564372539520264,0.010349709074944258
gaussian,40059,ok,models/gaussian-40059.pt,938665d5e3d1e1f9ce86643f370fbfb4aac14812fc2df793aba6a96d3723a3bc,0.9409,0.0008334578014910221,0.0005822088569402695,0.0047900001518428326,0.9445,120,0.36680638790130615,0.026399999856948853,0.02239999920129776,0.025431877002120018,0.010269875172525644
gaussian,40060,ok,models/gaussian-40060.pt,64eb3b35781788a3c04032b74bba2037575171a7d99c5bd686bf014caa5e121c,0.9418,0.0007847920060157776,0.0005168747156858444,0.004849125165492296,0.9447,120,0.3667945861816406,0.026399999856948853,0.022299999371170998,0.025408124551177025,0.010840457864105701
gaussian,40061,ok,models/gaussian-40061.pt,9900eeb939ec8b09f3256923e39880765ebef85d999b661788811a9a79ff9ace,0.9415,0.0007803752087056637,0.0005032499320805073,0.005068292375653982,0.9448,120,0.3667513430118561,0.02539999969303608,0.021400000900030136,0.024598751217126846,0.011161750182509422
gaussian,40062,ok,models/gaussian-40062.pt,1bf094ee13e658aa2551d4ce5a323614239c148b7c482da5b50d5a2a78b5f6f0,0.9417,0.0008111246861517429,0.0005102907307446003,0.004764375276863575,0.9448,120,0.3668903112411499,0.02590000070631504,0.022099999710917473,0.02509250119328499,0.010587166994810104
gaussian,40063,ok,models/gaussian-40063.pt,7d1c585c70fd9bdeb2a944ff838be41271ba03bd89de23f041f96bc15ac91a6d,0.9417,0.0008077090606093407,0.0005195001140236855,0.004754125140607357,0.9453,120,0.36686182022094727,0.026100000366568565,0.022099999710917473,0.02485874854028225,0.01055116718634963
gaussian,40064,ok,models/gaussian-40064.pt,d2ff804f4460a2c83c44895ffc55304fc89978cab3b82076fd6772362a4d11a9,0.9413,0.0008218749426305294,0.0005032499320805073,0.0046816254034638405,0.9442,120,0.36688166856765747,0.025699999183416367,0.022099999710917473,0.02494937554001808,0.010653667151927948
gaussian,40065,ok,models/gaussian-40065.pt,c32e0fd255bb17fd15b7403b296b1768281bc2c89ddd5a5cb941fa91000fa303,0.9412,0.0008080829866230488,0.0004919171333312988,0.004712957888841629,0.9451,120,0.36685124039649963,0.025599999353289604,0.0215000007301569,0.024639373645186424,0.010562541894614697
gaussian,40066,ok,models/gaussian-40066.pt,717f4248d03c524bbf6acd117a8f009624b7b4e3f8c2ffb5b3a10ffece09682b,0.9413,0.0008059157989919186,0.0005095424130558968,0.005168084055185318,0.9443,120,0.36684471368789673,0.026100000366568565,0.022199999541044235,0.025139998644590378,0.010518666356801987
gaussian,40067,ok,models/gaussian-40067.pt,7e0cbcee50ffdf183238a6a685eb8546ef87df384c75bba09793eee650cc3f77,0.9414,0.000880042091012001,0.0005176663398742676,0.0050766668282449245,0.9453,120,0.36698076128959656,0.026399999856948853,0.02250000089406967,0.025168124586343765,0.010533540975302458
gaussian,40068,ok,models/gaussian-40068.pt,7723405fdd0c6f049ae80664be6096a0160106cbe42f56472653c9f864d03da0,0.9417,0.0008654999546706676,0.000504667405039072,0.004935749806463718,0.9444,120,0.36681944131851196,0.025699999183416367,0.021700000390410423,0.02497187629342079,0.01053766580298543
gaussian,40069,ok,models/gaussian-40069.pt,3c48b53df4d77a53f12687d389ec2e900fc6d23cbd73878b9e0e3e9819c3f55c,0.9413,0.000817582942545414,0.0005056252703070641,0.004867624957114458,0.9443,120,0.36688071489334106,0.02590000070631504,0.02199999988079071,0.025142502039670944,0.010609167162328959
gaussian,40070,ok,models/gaussian-40070.pt,65019d9ced4dbf1f263485add17a7ada5681658b5b0dd4fe81626d55375c806f,0.941,0.0008128341287374496,0.0004942920058965683,0.004710208158940077,0.9447,120,0.3668935000896454,0.025499999523162842,0.021700000390410423,0.02469250001013279,0.010252625215798616
gaussian,40071,ok,models/gaussian-40071.pt,d95e1a2130c636a986f946119afd91bab1d92313aa4752b165e3b290753d0d6b,0.9415,0.0008106669411063194,0.0004972079768776894,0.005427124910056591,0.9447,120,0.3668834865093231,0.026499999687075615,0.022299999371170998,0.025619376450777054,0.010637625120580196
gaussian,40072,ok,models/gaussian-40072.pt,8c19f40d24986f4ec7d521463181dceb4c606e488c74608c4e19135b30e8a5a4,0.9415,0.0008623749017715454,0.0005433340556919575,0.004987458232790232,0.944,120,0.36684274673461914,0.025800000876188278,0.021800000220537186,0.02503874897956848,0.01057529216632247
gaussian,40073,ok,models/gaussian-40073.pt,fa3569534271996949ecd6f6b6dd9070aea690ecb7eb6e4c836df3c4742f7488,0.9416,0.0008476250804960728,0.000540667213499546,0.004857707768678665,0.9446,120,0.366748183965683,0.026499999687075615,0.021800000220537186,0.025396248325705528,0.010368708055466413
gaussian,40074,ok,models/gaussian-40074.pt,d62c78cec298856730df6600fc59e0b857b2a3d48935faf30b03c06f19a337f5,0.9415,0.0008085421286523342,0.000504916999489069,0.004853290971368551,0.9447,120,0.3669027090072632,0.025200000032782555,0.021700000390410423,0.02453937567770481,0.010668790899217129
gaussian,40075,ok,models/gaussian-40075.pt,46b35cbfae6cb376ec065106ec4fd27afc3bdd3b345de00adb5358880b3cf7a4,0.9415,0.0007976670749485493,0.0004999171942472458,0.004986708052456379,0.9452,120,0.36679592728614807,0.025200000032782555,0.0215000007301569,0.024457499384880066,0.010565209202468395
gaussian,40076,ok,models/gaussian-40076.pt,e7d0b15940bb9adcea3303ebcb4d833bcbb3a90050f07e4dc3f80a3e3eae367c,0.9415,0.0007898751646280289,0.0005314168520271778,0.0049482909962534904,0.945,120,0.36679697036743164,0.025200000032782555,0.02160000056028366,0.02458750084042549,0.010973666328936815
gaussian,40077,ok,models/gaussian-40077.pt,69cc8e91af7138c1455f0cc4c55ec994b8cbd81cf0f138935d616f9802971059,0.9417,0.0007789167575538158,0.0005066245794296265,0.005001374986022711,0.9444,120,0.36677488684654236,0.025699999183416367,0.021900000050663948,0.024898122996091843,0.010558249894529581
gaussian,40078,ok,models/gaussian-40078.pt,a65bd66ddfa25bb1b85080e4abe44ef70a932afb23a4611544c8b5a4dc8903a9,0.9413,0.0008006668649613857,0.0005176248960196972,0.005341916810721159,0.9441,120,0.3668385446071625,0.026200000196695328,0.022299999371170998,0.02549625001847744,0.010734791867434978
gaussian,40079,ok,models/gaussian-40079.pt,3547a083a396accca17e9c64c77ef68e3ff6b9d0010641557b08f90f04572128,0.9414,0.0008887918666005135,0.0005668750964105129,0.005105916876345873,0.945,120,0.36683425307273865,0.026000000536441803,0.021700000390410423,0.02486499771475792,0.010292250197380781
gaussian,40080,ok,models/gaussian-40080.pt,8233daf277db73c8da494a387460b101562ebb860d067c1daafc3c801288c581,0.9412,0.000987874809652567,0.000638582743704319,0.006636792328208685,0.9441,120,0.3667866289615631,0.026000000536441803,0.021800000220537186,0.02523687481880188,0.010349125135689974
gaussian,40081,ok,models/gaussian-40081.pt,1f6cd5786d4171379526fafb051ec28da63ed64fa0cdec78fccb3d57940590a2,0.9415,0.0009013749659061432,0.0005742078647017479,0.004836750216782093,0.9454,120,0.36673587560653687,0.025699999183416367,0.021900000050663948,0.02478187344968319,0.010469832923263311
gaussian,40082,ok,models/gaussian-40082.pt,47f5603ff81f3e528269c54f8b6d153e6c3e1c21206993f5cff08313b5c8f715,0.9417,0.0009336662478744984,0.0005943328142166138,0.004838292021304369,0.945,120,0.3668285310268402,0.025800000876188278,0.021900000050663948,0.024675000458955765,0.010396583005785942
gaussian,40083,ok,models/gaussian-40083.pt,29c623b7ec7ff292203b6e1787769cdc5b295f37d749d2f3fffaef8c3d9b1737,0.9416,0.0007970002479851246,0.000513874925673008,0.004974875133484602,0.944,120,0.36685818433761597,0.025599999353289604,0.02199999988079071,0.025101875886321068,0.010932291857898235
gaussian,40084,ok,models/gaussian-40084.pt,b6306f55dcb8b3364858ba470323100a10fd765cdcc013605e4151a34979820a,0.9414,0.0008393330499529839,0.000558625441044569,0.0047594159841537476,0.9441,120,0.366877943277359,0.025599999353289604,0.021900000050663948,0.025036875158548355,0.010363957844674587
gaussian,40085,ok,models/gaussian-40085.pt,32e4444a46db9b179e277c303725043c8034f62eb4ec6c8acca63450ad0adc9a,0.9418,0.0008104159496724606,0.0005194582045078278,0.0045401668176054955,0.9445,120,0.3668292462825775,0.02500000037252903,0.0215000007301569,0.024325625970959663,0.010372125077992678
gaussian,40086,ok,models/gaussian-40086.pt,3bc822b731365ea9e055b310775d27eccc3fc20ad0a404d6ec1eb736e24ad3a3,0.9417,0.0008029579184949398,0.0005091666243970394,0.004700874909758568,0.9445,120,0.366896390914917,0.025599999353289604,0.021700000390410423,0.02475312352180481,0.010632500052452087
gaussian,40087,ok,models/gaussian-40087.pt,ed0d90a8435f8353d5bead7b434a61fdb473bb1b453d5759ad9d86e5a94b9f17,0.9414,0.0008029160089790821,0.0005691666156053543,0.00448329234495759,0.9448,120,0.3669380247592926,0.025800000876188278,0.021299999207258224,0.024831250309944153,0.010306249838322401
gaussian,40088,ok,models/gaussian-40088.pt,e512f84c656b4aa9da527cc94902eab7fa307beda8ce0ee4b2bfe3f53ed97112,0.9412,0.0007853326387703419,0.0005022077821195126,0.004699125420302153,0.9453,120,0.3668597340583801,0.026100000366568565,0.022299999371170998,0.02510937489569187,0.010578582994639874
gaussian,40089,ok,models/gaussian-40089.pt,5e885a4be660a31e0147e068eef53f856748fa8ac7686dfa6b8322f646808a9a,0.9414,0.0008089169859886169,0.0010827500373125076,0.004656457807868719,0.9443,120,0.3667985498905182,0.026100000366568565,0.02199999988079071,0.02509250119328499,0.010311624966561794
gaussian,40090,ok,models/gaussian-40090.pt,d6a7862172e126b90d36a63d76585417f818522f8490d25b6fa2f8ee87064540,0.9412,0.0007946668192744255,0.0005231252871453762,0.004743916913866997,0.9446,120,0.36693984270095825,0.025599999353289604,0.021700000390410423,0.02498750016093254,0.0104267499409616
gaussian,40091,ok,models/gaussian-40091.pt,750ddc51457b2d67403d143be03cf42cb53e79deaee58cabf62e51570008c586,0.9414,0.0007966673001646996,0.0005021248944103718,0.00516587495803833,0.9444,120,0.36687490344047546,0.025200000032782555,0.021299999207258224,0.02451062574982643,0.010658708866685629
gaussian,40092,ok,models/gaussian-40092.pt,62eb3e28ba06571c1a3736af4a73d901a8685bdaecc3ca9e5858fe24e6bb08d7,0.9416,0.0009064581245183945,0.0005590002983808517,0.004975082818418741,0.9448,120,0.3669005036354065,0.026000000536441803,0.021900000050663948,0.02500249817967415,0.01056100009009242
gaussian,40093,ok,models/gaussian-40093.pt,aacfbc9683e94530dce4e102a6ba374ac1c1927bd18295fdf1eb8d2852bb668a,0.9416,0.0008635828271508217,0.0005067079328000546,0.004919666796922684,0.9447,120,0.3668357729911804,0.026000000536441803,0.02199999988079071,0.02518562600016594,0.010643125046044588
gaussian,40094,ok,models/gaussian-40094.pt,9fd1bd69f1f104bb808dac7b16e182d61e626404748b46543f31aa311391eaa4,0.9418,0.0008180411532521248,0.0005377917550504208,0.0048943753354251385,0.9445,120,0.3667946755886078,0.026499999687075615,0.022199999541044235,0.025469373911619186,0.010514582972973585
gaussian,40095,ok,models/gaussian-40095.pt,0f641afdf40b460bf35f31c76e876d46cdddef08e0443ca90b242033b9874676,0.9412,0.0008272500708699226,0.0004968750290572643,0.005050166044384241,0.9441,120,0.3668232262134552,0.026499999687075615,0.022099999710917473,0.025660624727606773,0.010718749836087227
gaussian,40096,ok,models/gaussian-40096.pt,041262d5698c0df20f0d69908d169c08f72dd926ed17d2c474a703eb03d3202c,0.9416,0.0007963329553604126,0.0005238750018179417,0.004694874864071608,0.9445,120,0.36685606837272644,0.025599999353289604,0.021299999207258224,0.024666249752044678,0.01061041746288538
gaussian,40097,ok,models/gaussian-40097.pt,74f308d38fbd77182952b2132c16a748786a0a2b43297ba3d36ba169371515eb,0.9417,0.0007869158871471882,0.0004985001869499683,0.004703625105321407,0.9443,120,0.36684954166412354,0.025599999353289604,0.021299999207258224,0.024621250107884407,0.010355290956795216
gaussian,40098,ok,models/gaussian-40098.pt,ad0e8ab53f229965769fcb013999159f685693b8e052862a90e75a7478f019c0,0.9412,0.0007946249097585678,0.0004963749088346958,0.0047227079048752785,0.9445,120,0.36679160594940186,0.024900000542402267,0.021299999207258224,0.024361874908208847,0.010548875201493502
gaussian,40099,ok,models/gaussian-40099.pt,2872757045b750d78256475061b5ab30848d1eaf0021f0bf51a0954dbd94e54a,0.941,0.0007962500676512718,0.0004926659166812897,0.004670124966651201,0.9449,120,0.3668138384819031,0.02630000002682209,0.02239999920129776,0.0252856258302927,0.010686374735087156
gaussian,40100,ok,models/gaussian-40100.pt,be15ee0f5e3fa9baef0141195332d0800ab0c70019f01c69a76070a7eb7ecc7c,0.9417,0.0007985830307006836,0.0005179587751626968,0.004964708350598812,0.9452,120,0.36686593294143677,0.025800000876188278,0.021800000220537186,0.024799998849630356,0.0102532091550529
latent_mean,,ok,models/latent_mean-single.pt,1663ddc3a66acbbf9a483db3aace5075388f6480995144be13f362e082182804,0.9415,0.0008777081966400146,0.0005060001276433468,0.004914416000247002,0.9444,120,0.3668254315853119,0.025699999183416367,0.021900000050663948,0.024922499433159828,0.01068375026807189
weight_average,,ok,models/weight_average-single.pt,5f8de1527a32741c4031181369111dd17cca4712a33b978f08ede5ab79366098,0.9467,0.00721062533557415,0.0007241247221827507,0.006257583852857351,0.9496,89,0.00623844750225544,0.0038999998942017555,0.002199999988079071,0.004558124579489231,0.01062345877289772
random,50001,ok,models/random-50001.pt,67770e2e416ba58787468751a6118cf110735d6288fd47b1c74f00f3cf94e211,0.1015,0.015584208071231842,0.0005745002999901772,0.004759958013892174,0.1028,140,0.9966405630111694,0.8982999920845032,0.8946999907493591,0.8971337080001831,0.010409709066152573
random,50002,ok,models/random-50002.pt,5a0638a033bae360f2305973ebf775993cf2ea9d4f39aac7124b5ed789bddc1a,0.0991,0.0010653752833604813,0.0006266250275075436,0.004944625310599804,0.0982,140,0.996838390827179,0.899399995803833,0.8984000086784363,0.8996450304985046,0.010201209224760532
random,50003,ok,models/random-50003.pt,3a47ae11c144a24a6368b9b9fa3a13b1bb19568d5455d2f0b53d138e389884b8,0.1302,0.0009510000236332417,0.0006139161996543407,0.004883833695203066,0.1333,140,0.9963247179985046,0.8673999905586243,0.8644000291824341,0.866558849811554,0.010227791965007782
random,50004,ok,models/random-50004.pt,c32304c07492cb54cf098f1c9e4968381f784d8142b437d96d9b212c4a9d0b0d,0.1043,0.0009534577839076519,0.0005385000258684158,0.004924540873616934,0.1011,140,0.9984724521636963,0.8982999920845032,0.8962000012397766,0.8980481028556824,0.01022566668689251
random,50005,ok,models/random-50005.pt,81a9eee77363db6e3c06daaf8e50c90a878b0b5eec81d8c699efb421d552e2c4,0.0827,0.000861290842294693,0.0005319169722497463,0.005191042087972164,0.0878,140,0.9969506859779358,0.9129999876022339,0.9097999930381775,0.9119043350219727,0.010035790968686342
