row,branch_id,split,seed,step,test_accuracy,nearest_training_row,nearest_training_normalized_rms,nearest_weight_source_test_disagreement,minimum_source_test_disagreement,mean_source_test_disagreement
0,0,train,142,157,0.948,1,0.009120771661400795,0.00419999985024333,0.0035000001080334187,0.007483648136258125
1,0,train,142,314,0.9476,0,0.009120771661400795,0.00419999985024333,0.003700000001117587,0.007505031302571297
2,0,train,142,470,0.9485,3,0.008459365926682949,0.004600000102072954,0.004000000189989805,0.006914464756846428
3,0,train,142,626,0.9484,2,0.008459365926682949,0.004600000102072954,0.00279999990016222,0.006395597010850906
4,0,train,142,783,0.9484,124,0.007357311900705099,0.006000000052154064,0.0038999998942017555,0.006649056449532509
5,0,train,142,939,0.9487,4,0.008484154008328915,0.00559999980032444,0.002899999963119626,0.0054761008359491825
6,0,train,142,1095,0.9493,5,0.008805523626506329,0.005400000140070915,0.0038999998942017555,0.006982389371842146
7,0,train,142,1252,0.9496,8,0.00850088894367218,0.006099999882280827,0.003800000064074993,0.006562893278896809
8,0,train,142,1408,0.9488,7,0.00850088894367218,0.006099999882280827,0.0026000000070780516,0.0057452828623354435
9,0,train,142,1564,0.9494,69,0.00826034601777792,0.006000000052154064,0.002099999925121665,0.005554088391363621
10,0,train,142,1721,0.9492,9,0.008565207943320274,0.007000000216066837,0.00430000014603138,0.0069421385414898396
11,0,train,142,1877,0.9491,10,0.008612733334302902,0.006200000178068876,0.0024999999441206455,0.005761006381362677
12,0,train,142,2034,0.949,13,0.008124523796141148,0.005400000140070915,0.0038999998942017555,0.006852201651781797
13,0,train,142,2190,0.9495,12,0.008124523796141148,0.005400000140070915,0.003000000026077032,0.005877358373254538
14,0,train,142,2346,0.9494,15,0.008275926113128662,0.0052999998442828655,0.003100000089034438,0.005817609839141369
15,0,train,142,2503,0.9495,14,0.008275926113128662,0.0052999998442828655,0.002300000051036477,0.006042138673365116
16,0,train,142,2659,0.9496,15,0.009070095606148243,0.006899999920278788,0.004000000189989805,0.007936477661132812
17,0,train,142,2815,0.951,18,0.008569505997002125,0.005799999926239252,0.004600000102072954,0.00815345998853445
18,0,train,142,2972,0.9509,19,0.008541027083992958,0.0034000000450760126,0.0024999999441206455,0.00625597545877099
19,0,train,142,3128,0.9498,18,0.008541027083992958,0.0034000000450760126,0.0026000000070780516,0.005812578834593296
20,1,train,242,157,0.9468,21,0.00948580913245678,0.009999999776482582,0.0044999998062849045,0.009623270481824875
21,1,train,242,314,0.9479,81,0.009267768822610378,0.007699999958276749,0.004399999976158142,0.008253459818661213
22,1,train,242,470,0.9486,23,0.008414002135396004,0.005100000184029341,0.0031999999191612005,0.006181132048368454
23,1,train,242,626,0.9485,22,0.008414002135396004,0.005100000184029341,0.0032999999821186066,0.006832074839621782
24,1,train,242,783,0.9481,84,0.007198103703558445,0.0044999998062849045,0.003100000089034438,0.006037736311554909
25,1,train,242,939,0.9484,24,0.008424481377005577,0.006599999964237213,0.0044999998062849045,0.0075949677266180515
26,1,train,242,1095,0.9482,25,0.008950036950409412,0.0066999997943639755,0.003100000089034438,0.005762264598160982
27,1,train,242,1252,0.9481,28,0.008523829281330109,0.005799999926239252,0.0034000000450760126,0.0063773589208722115
28,1,train,242,1408,0.9505,27,0.008523829281330109,0.005799999926239252,0.0035000001080334187,0.006020125932991505
29,1,train,242,1564,0.9489,89,0.007884832099080086,0.004600000102072954,0.0024999999441206455,0.005627672653645277
30,1,train,242,1721,0.9485,29,0.008272658102214336,0.0035000001080334187,0.0026000000070780516,0.005863521713763475
31,1,train,242,1877,0.9493,30,0.008563227951526642,0.00559999980032444,0.002099999925121665,0.005517610348761082
32,1,train,242,2034,0.9494,33,0.008553686551749706,0.006599999964237213,0.003100000089034438,0.005831446498632431
33,1,train,242,2190,0.9492,34,0.008399883285164833,0.004699999932199717,0.0032999999821186066,0.0066421376541256905
34,1,train,242,2346,0.9496,35,0.008257513865828514,0.004800000227987766,0.001500000013038516,0.005170440301299095
35,1,train,242,2503,0.95,34,0.008257513865828514,0.004800000227987766,0.002899999963119626,0.0065157231874763966
36,1,train,242,2659,0.9499,35,0.008741971105337143,0.006099999882280827,0.003700000001117587,0.006793081294745207
37,1,train,242,2815,0.9504,38,0.008266243152320385,0.005799999926239252,0.003599999938160181,0.007326414808630943
38,1,train,242,2972,0.9508,37,0.008266243152320385,0.005799999926239252,0.003599999938160181,0.006927673239260912
39,1,train,242,3128,0.9505,38,0.008720619603991508,0.004999999888241291,0.002300000051036477,0.006794968619942665
40,2,train,342,157,0.9485,41,0.009130249731242657,0.007400000002235174,0.004999999888241291,0.009694339707493782
41,2,train,342,314,0.9477,42,0.009096620604395866,0.004800000227987766,0.002199999988079071,0.006345911417156458
42,2,train,342,470,0.948,43,0.008541973307728767,0.00430000014603138,0.004000000189989805,0.007233962416648865
43,2,train,342,626,0.9488,42,0.008541973307728767,0.00430000014603138,0.0020000000949949026,0.006035219877958298
44,2,train,342,783,0.9477,144,0.007573429960757494,0.0044999998062849045,0.0031999999191612005,0.006084905471652746
45,2,train,342,939,0.948,44,0.008421431295573711,0.004699999932199717,0.0032999999821186066,0.006291824392974377
46,2,train,342,1095,0.9484,45,0.008633773773908615,0.006800000090152025,0.002300000051036477,0.006198741961270571
47,2,train,342,1252,0.9498,48,0.008117461577057838,0.005400000140070915,0.0035000001080334187,0.00666037667542696
48,2,train,342,1408,0.9491,47,0.008117461577057838,0.005400000140070915,0.002899999963119626,0.005968553479760885
49,2,train,342,1564,0.949,109,0.007869088090956211,0.00430000014603138,0.0026000000070780516,0.0055924528278410435
50,2,train,342,1721,0.9495,49,0.008505946956574917,0.003700000001117587,0.002899999963119626,0.005730817560106516
51,2,train,342,1877,0.9496,50,0.008715749718248844,0.003800000064074993,0.0026000000070780516,0.005337735638022423
52,2,train,342,2034,0.9495,53,0.008268124423921108,0.006300000008195639,0.0026000000070780516,0.005672327242791653
53,2,train,342,2190,0.9503,52,0.008268124423921108,0.006300000008195639,0.003700000001117587,0.006972955539822578
54,2,train,342,2346,0.9497,114,0.008371888659894466,0.004399999976158142,0.00279999990016222,0.006296854931861162
55,2,train,342,2503,0.95,56,0.008265585638582706,0.006000000052154064,0.003599999938160181,0.006972956005483866
56,2,train,342,2659,0.9505,55,0.008265585638582706,0.006000000052154064,0.0017999999690800905,0.00581949669867754
57,2,train,342,2815,0.9494,58,0.008400245569646358,0.006000000052154064,0.002300000051036477,0.005760377738624811
58,2,train,342,2972,0.9509,59,0.008391616865992546,0.004900000058114529,0.003700000001117587,0.006817610003054142
59,2,train,342,3128,0.9512,58,0.008391616865992546,0.004900000058114529,0.003599999938160181,0.00687547167763114
60,3,train,442,157,0.9479,61,0.009575732052326202,0.006399999838322401,0.004999999888241291,0.00963207520544529
61,3,train,442,314,0.9479,121,0.009441881440579891,0.005499999970197678,0.002199999988079071,0.00638301856815815
62,3,train,442,470,0.948,63,0.00896482914686203,0.0066999997943639755,0.004800000227987766,0.008740879595279694
63,3,train,442,626,0.9484,64,0.008874261751770973,0.005900000222027302,0.00279999990016222,0.006485534366220236
64,3,train,442,783,0.9486,84,0.0072713191621005535,0.0031999999191612005,0.002899999963119626,0.006098742131143808
65,3,train,442,939,0.9481,64,0.008242757990956306,0.003599999938160181,0.0020000000949949026,0.0059509435668587685
66,3,train,442,1095,0.9488,65,0.00848668534308672,0.0071000000461936,0.004800000227987766,0.007256603799760342
67,3,train,442,1252,0.9494,68,0.008694936521351337,0.007000000216066837,0.003100000089034438,0.006357232574373484
68,3,train,442,1408,0.9484,69,0.008601793088018894,0.007000000216066837,0.0032999999821186066,0.0066509428434073925
69,3,train,442,1564,0.9495,9,0.00826034601777792,0.006000000052154064,0.0044999998062849045,0.006628301925957203
70,3,train,442,1721,0.9496,69,0.00839169044047594,0.004600000102072954,0.003700000001117587,0.006262264680117369
71,3,train,442,1877,0.9498,70,0.008524897508323193,0.005499999970197678,0.002099999925121665,0.0056100632064044476
72,3,train,442,2034,0.9497,73,0.008479366078972816,0.007799999788403511,0.00419999985024333,0.00657987454906106
73,3,train,442,2190,0.9488,72,0.008479366078972816,0.007799999788403511,0.005100000184029341,0.008349056355655193
74,3,train,442,2346,0.9509,73,0.0089187603443861,0.008999999612569809,0.004000000189989805,0.006894339341670275
75,3,train,442,2503,0.9495,74,0.008954862132668495,0.008100000210106373,0.00419999985024333,0.006953459233045578
76,3,train,442,2659,0.9499,77,0.008921193890273571,0.005400000140070915,0.00430000014603138,0.007097484078258276
77,3,train,442,2815,0.9504,78,0.008321665227413177,0.006000000052154064,0.00419999985024333,0.0067930822260677814
78,3,train,442,2972,0.9506,77,0.008321665227413177,0.006000000052154064,0.003599999938160181,0.007225156761705875
79,3,train,442,3128,0.9507,19,0.009062958881258965,0.004000000189989805,0.002300000051036477,0.007103772833943367
80,4,train,542,157,0.948,81,0.009199126623570919,0.004900000058114529,0.003100000089034438,0.0074937110766768456
81,4,train,542,314,0.9471,80,0.009199126623570919,0.004900000058114529,0.003599999938160181,0.007548428140580654
82,4,train,542,470,0.948,83,0.00824305135756731,0.004600000102072954,0.0034000000450760126,0.007035220041871071
83,4,train,542,626,0.9481,82,0.00824305135756731,0.004600000102072954,0.003100000089034438,0.006345911417156458
84,4,train,542,783,0.9481,24,0.007198103703558445,0.0044999998062849045,0.003100000089034438,0.006543395575135946
85,4,train,542,939,0.949,84,0.008210984990000725,0.005799999926239252,0.003700000001117587,0.006320125423371792
86,4,train,542,1095,0.9493,85,0.00835367664694786,0.00430000014603138,0.003100000089034438,0.0056050312705338
87,4,train,542,1252,0.9482,88,0.008925181813538074,0.007400000002235174,0.0032999999821186066,0.006816980894654989
88,4,train,542,1408,0.9491,89,0.008531675674021244,0.005900000222027302,0.0027000000700354576,0.005830188747495413
89,4,train,542,1564,0.9491,29,0.007884832099080086,0.004600000102072954,0.0032999999821186066,0.006428930908441544
90,4,train,542,1721,0.9496,89,0.00839068740606308,0.006200000178068876,0.003700000001117587,0.0061125787906348705
91,4,train,542,1877,0.9499,90,0.008822092786431313,0.006300000008195639,0.0032999999821186066,0.006773584987968206
92,4,train,542,2034,0.9493,93,0.008371635340154171,0.005400000140070915,0.0031999999191612005,0.0059257857501506805
93,4,train,542,2190,0.9501,92,0.008371635340154171,0.005400000140070915,0.003599999938160181,0.00668364716693759
94,4,train,542,2346,0.9493,95,0.008210190571844578,0.0052999998442828655,0.002400000113993883,0.006736477836966515
95,4,train,542,2503,0.9493,94,0.008210190571844578,0.0052999998442828655,0.0017999999690800905,0.0056710694916546345
96,4,train,542,2659,0.9498,95,0.008540083654224873,0.003599999938160181,0.0024999999441206455,0.006124528590589762
97,4,train,542,2815,0.9498,98,0.008506644517183304,0.005100000184029341,0.0035000001080334187,0.006529559846967459
98,4,train,542,2972,0.9504,97,0.008506644517183304,0.005100000184029341,0.003700000001117587,0.006679873913526535
99,4,train,542,3128,0.9498,139,0.00888945534825325,0.00570000009611249,0.004100000020116568,0.007638364564627409
100,5,train,642,157,0.9483,101,0.009417937137186527,0.003800000064074993,0.0027000000700354576,0.007518867962062359
101,5,train,642,314,0.9481,102,0.00884745828807354,0.0034000000450760126,0.0026000000070780516,0.006244654301553965
102,5,train,642,470,0.9482,101,0.00884745828807354,0.0034000000450760126,0.003100000089034438,0.0065408810041844845
103,5,train,642,626,0.9487,104,0.00878525897860527,0.005200000014156103,0.004100000020116568,0.006994339637458324
104,5,train,642,783,0.9494,144,0.007365926634520292,0.0024999999441206455,0.0024999999441206455,0.006115094292908907
105,5,train,642,939,0.9492,104,0.008436898700892925,0.0044999998062849045,0.002899999963119626,0.006149056367576122
106,5,train,642,1095,0.9493,105,0.008952473290264606,0.005900000222027302,0.003100000089034438,0.005752201192080975
107,5,train,642,1252,0.9483,108,0.008286325260996819,0.004900000058114529,0.003599999938160181,0.005877358373254538
108,5,train,642,1408,0.9493,107,0.008286325260996819,0.004900000058114529,0.0032999999821186066,0.005663522519171238
109,5,train,642,1564,0.9493,49,0.007869088090956211,0.00430000014603138,0.0024999999441206455,0.0058044022880494595
110,5,train,642,1721,0.9489,111,0.008532792329788208,0.007000000216066837,0.0035000001080334187,0.00636477954685688
111,5,train,642,1877,0.9494,110,0.008532792329788208,0.007000000216066837,0.003800000064074993,0.006603774148970842
112,5,train,642,2034,0.9485,113,0.008585704490542412,0.006099999882280827,0.0024999999441206455,0.006132075563073158
113,5,train,642,2190,0.9495,114,0.008357461541891098,0.006300000008195639,0.0017999999690800905,0.006029559299349785
114,5,train,642,2346,0.9495,115,0.008204501122236252,0.004999999888241291,0.003100000089034438,0.006528301630169153
115,5,train,642,2503,0.95,114,0.008204501122236252,0.004999999888241291,0.004100000020116568,0.00793144665658474
116,5,train,642,2659,0.9504,117,0.008667558431625366,0.0035000001080334187,0.002400000113993883,0.005815723445266485
117,5,train,642,2815,0.9508,118,0.008474787697196007,0.004800000227987766,0.003100000089034438,0.005962264258414507
118,5,train,642,2972,0.95,117,0.008474787697196007,0.004800000227987766,0.0027000000700354576,0.006246540695428848
119,5,train,642,3128,0.9511,118,0.008538879454135895,0.0038999998942017555,0.00279999990016222,0.0062654088251292706
120,6,train,742,157,0.9472,121,0.008982166647911072,0.006599999964237213,0.003599999938160181,0.008045283146202564
121,6,train,742,314,0.9491,120,0.008982166647911072,0.006599999964237213,0.004100000020116568,0.007907546125352383
122,6,train,742,470,0.9485,123,0.00824058149009943,0.005100000184029341,0.0027000000700354576,0.00614088075235486
123,6,train,742,626,0.949,122,0.00824058149009943,0.005100000184029341,0.003700000001117587,0.0069735851138830185
124,6,train,742,783,0.9479,84,0.007272075861692429,0.005100000184029341,0.002300000051036477,0.006334590259939432
125,6,train,742,939,0.9482,124,0.008354788646101952,0.00570000009611249,0.003800000064074993,0.0064603774808347225
126,6,train,742,1095,0.948,125,0.008488691411912441,0.006500000134110451,0.00430000014603138,0.006854088045656681
127,6,train,742,1252,0.9487,128,0.008434295654296875,0.00570000009611249,0.0038999998942017555,0.006406289059668779
128,6,train,742,1408,0.9494,127,0.008434295654296875,0.00570000009611249,0.003000000026077032,0.005796855315566063
129,6,train,742,1564,0.9485,89,0.007915561087429523,0.004900000058114529,0.0032999999821186066,0.006186792626976967
130,6,train,742,1721,0.9494,129,0.008541852235794067,0.006099999882280827,0.0032999999821186066,0.006204403005540371
131,6,train,742,1877,0.9495,130,0.008713824674487114,0.005499999970197678,0.004100000020116568,0.006557232700288296
132,6,train,742,2034,0.9499,133,0.00818455871194601,0.006099999882280827,0.002400000113993883,0.005244025029242039
133,6,train,742,2190,0.9498,132,0.00818455871194601,0.006099999882280827,0.00419999985024333,0.0074402522295713425
134,6,train,742,2346,0.9498,94,0.008334686048328876,0.0052999998442828655,0.001500000013038516,0.0053314464166760445
135,6,train,742,2503,0.9503,134,0.008337480947375298,0.003800000064074993,0.003100000089034438,0.006435219664126635
136,6,train,742,2659,0.9496,135,0.008661085739731789,0.004800000227987766,0.002899999963119626,0.006189937237650156
137,6,train,742,2815,0.9509,138,0.008160179480910301,0.004600000102072954,0.002400000113993883,0.005888679064810276
138,6,train,742,2972,0.9513,137,0.008160179480910301,0.004600000102072954,0.0038999998942017555,0.007560377474874258
139,6,train,742,3128,0.9503,159,0.008868168108165264,0.004000000189989805,0.0024999999441206455,0.006113206967711449
140,7,train,842,157,0.9466,141,0.00903657078742981,0.0032999999821186066,0.0032999999821186066,0.008249686099588871
141,7,train,842,314,0.9465,142,0.00889855157583952,0.006300000008195639,0.0032999999821186066,0.0071918242610991
142,7,train,842,470,0.9486,143,0.008703391999006271,0.00570000009611249,0.00419999985024333,0.007102515548467636
143,7,train,842,626,0.948,142,0.008703391999006271,0.00570000009611249,0.00279999990016222,0.006681131664663553
144,7,train,842,783,0.9489,104,0.007365926634520292,0.0024999999441206455,0.0024999999441206455,0.006135220173746347
145,7,train,842,939,0.9495,146,0.008545422926545143,0.005900000222027302,0.004100000020116568,0.006462893448770046
146,7,train,842,1095,0.9485,145,0.008545422926545143,0.005900000222027302,0.003100000089034438,0.006433961447328329
147,7,train,842,1252,0.9485,148,0.008495467714965343,0.004900000058114529,0.004100000020116568,0.007080503273755312
148,7,train,842,1408,0.9487,149,0.008451574482023716,0.005200000014156103,0.002099999925121665,0.005335849244147539
149,7,train,842,1564,0.9492,89,0.008093823678791523,0.006500000134110451,0.0027000000700354576,0.006148427724838257
150,7,train,842,1721,0.9491,149,0.008270871825516224,0.005400000140070915,0.0026000000070780516,0.005545283202081919
151,7,train,842,1877,0.9494,150,0.008668937720358372,0.004100000020116568,0.002300000051036477,0.005462264642119408
152,7,train,842,2034,0.9499,153,0.008461362682282925,0.0038999998942017555,0.0024999999441206455,0.005766037851572037
153,7,train,842,2190,0.9502,154,0.008185487240552902,0.0044999998062849045,0.002400000113993883,0.005506289191544056
154,7,train,842,2346,0.9501,153,0.008185487240552902,0.0044999998062849045,0.003100000089034438,0.0058515723794698715
155,7,train,842,2503,0.9496,154,0.00843185093253851,0.007199999876320362,0.005400000140070915,0.009254088625311852
156,7,train,842,2659,0.95,155,0.00899125263094902,0.010400000028312206,0.0038999998942017555,0.006949055939912796
157,7,train,842,2815,0.951,158,0.007948707789182663,0.007400000002235174,0.004100000020116568,0.007413208018988371
158,7,train,842,2972,0.9503,157,0.007948707789182663,0.007400000002235174,0.00419999985024333,0.007345912046730518
159,7,train,842,3128,0.9499,158,0.008315818384289742,0.008899999782443047,0.0038999998942017555,0.007944654673337936
160,8,validation,942,157,0.948,0,0.009870496578514576,0.0038999998942017555,0.0038999998942017555,0.008073749952018261
161,8,validation,942,314,0.9473,121,0.009599004872143269,0.00559999980032444,0.002400000113993883,0.007234999444335699
162,8,validation,942,470,0.9478,142,0.009612214751541615,0.008100000210106373,0.004800000227987766,0.00769562553614378
163,8,validation,942,626,0.9482,84,0.010771093890070915,0.0044999998062849045,0.002099999925121665,0.005781874991953373
164,8,validation,942,783,0.949,84,0.00724265119060874,0.0031999999191612005,0.0024999999441206455,0.005905000027269125
165,8,validation,942,939,0.949,84,0.010872650891542435,0.00419999985024333,0.0027000000700354576,0.005640625022351742
166,8,validation,942,1095,0.9484,106,0.010183491744101048,0.0038999998942017555,0.003100000089034438,0.006169999949634075
167,8,validation,942,1252,0.9489,67,0.010119963437318802,0.00570000009611249,0.0027000000700354576,0.00641312450170517
168,8,validation,942,1408,0.9488,9,0.01094620581716299,0.00279999990016222,0.002099999925121665,0.00612437492236495
169,8,validation,942,1564,0.9487,69,0.008099757134914398,0.00419999985024333,0.0032999999821186066,0.006549375597387552
170,8,validation,942,1721,0.9499,109,0.01100348960608244,0.0052999998442828655,0.0031999999191612005,0.006607499904930592
171,8,validation,942,1877,0.9494,111,0.010657562874257565,0.00570000009611249,0.003000000026077032,0.005511874798685312
172,8,validation,942,2034,0.9496,32,0.01047342550009489,0.00430000014603138,0.002300000051036477,0.0050993748009204865
173,8,validation,942,2190,0.9499,134,0.011360734701156616,0.0034000000450760126,0.0031999999191612005,0.005685000214725733
174,8,validation,942,2346,0.9498,94,0.008482014760375023,0.0031999999191612005,0.0027000000700354576,0.0056768748909235
175,8,validation,942,2503,0.9511,94,0.011608903296291828,0.007199999876320362,0.004900000058114529,0.008881250396370888
176,8,validation,942,2659,0.9497,116,0.011102968826889992,0.004000000189989805,0.0035000001080334187,0.006242499686777592
177,8,validation,942,2815,0.9499,157,0.010898170992732048,0.006099999882280827,0.0024999999441206455,0.006477500312030315
178,8,validation,942,2972,0.9511,159,0.011813030578196049,0.006399999838322401,0.00279999990016222,0.006647500209510326
179,8,validation,942,3128,0.951,59,0.009012154303491116,0.003000000026077032,0.003000000026077032,0.006535000167787075
180,9,held_out,1042,157,0.947,0,0.009464430622756481,0.003800000064074993,0.003800000064074993,0.00853000022470951
181,9,held_out,1042,314,0.9473,81,0.00933824386447668,0.006200000178068876,0.0044999998062849045,0.00772437546402216
182,9,held_out,1042,470,0.9477,122,0.009371344931423664,0.005900000222027302,0.004699999932199717,0.008200624957680702
183,9,held_out,1042,626,0.948,124,0.010896550491452217,0.0044999998062849045,0.0038999998942017555,0.007358124945312738
184,9,held_out,1042,783,0.947,84,0.007375562097877264,0.004999999888241291,0.00430000014603138,0.007195000536739826
185,9,held_out,1042,939,0.948,24,0.011181063950061798,0.004800000227987766,0.0031999999191612005,0.005834374576807022
186,9,held_out,1042,1095,0.9495,6,0.010293216444551945,0.006399999838322401,0.00419999985024333,0.0067912498489022255
187,9,held_out,1042,1252,0.9495,7,0.010240675881505013,0.005200000014156103,0.0020000000949949026,0.005476874765008688
188,9,held_out,1042,1408,0.95,9,0.01119548361748457,0.003000000026077032,0.00279999990016222,0.00572500005364418
189,9,held_out,1042,1564,0.9488,9,0.007976621389389038,0.003100000089034438,0.002400000113993883,0.005506250075995922
190,9,held_out,1042,1721,0.9488,89,0.01124615129083395,0.005900000222027302,0.003599999938160181,0.006323125213384628
191,9,held_out,1042,1877,0.9496,11,0.010667640715837479,0.006099999882280827,0.004000000189989805,0.006738124880939722
192,9,held_out,1042,2034,0.95,92,0.01055198721587658,0.005499999970197678,0.002099999925121665,0.005258750170469284
193,9,held_out,1042,2190,0.9489,74,0.011743643321096897,0.006399999838322401,0.003700000001117587,0.007023124489933252
194,9,held_out,1042,2346,0.9505,74,0.008752820082008839,0.004999999888241291,0.004600000102072954,0.007855625823140144
195,9,held_out,1042,2503,0.9496,94,0.011463616043329239,0.003599999938160181,0.003100000089034438,0.006379374768584967
196,9,held_out,1042,2659,0.9499,96,0.010932409204542637,0.003800000064074993,0.002400000113993883,0.005518125370144844
197,9,held_out,1042,2815,0.9507,137,0.01089401077479124,0.0035000001080334187,0.002099999925121665,0.006154374685138464
198,9,held_out,1042,2972,0.9505,19,0.012010512873530388,0.004100000020116568,0.0027000000700354576,0.006676875054836273
199,9,held_out,1042,3128,0.9504,19,0.009023391641676426,0.004399999976158142,0.0020000000949949026,0.006963750813156366
