method,seed,source_step,validation_accuracy,norm,max_abs_coordinate,nearest_training_latent_rms,pca_residual_rms,pca_score_norm
train,142,157,0.9444,19.104679107666016,1.7045859098434448,0.0053500025533139706,0.003996287379312317,19.10463281035134
train,142,314,0.9441,16.781824111938477,1.5031718015670776,0.007677779532968998,0.003211524219916062,16.781792524432873
train,142,470,0.9446,14.776606559753418,1.3113527297973633,0.005417581647634506,0.0039216046438108314,14.776546851103834
train,142,626,0.9451,12.709583282470703,1.1315369606018066,0.0030350210145115852,0.0032744746420678827,12.709535992271771
train,142,783,0.9451,10.863234519958496,0.974541962146759,0.0037262237165123224,0.0023960544450799992,10.86320721965429
train,142,939,0.9459,8.833247184753418,0.7928101420402527,0.004487307742238045,0.005172961189792899,8.83306068705597
train,142,1095,0.9457,7.008441925048828,0.6275215148925781,0.00388096715323627,0.0027451939996986485,7.008379491845529
train,142,1252,0.9465,4.825833797454834,0.437063992023468,0.003840671619400382,0.002692208895216778,4.8257440603608375
train,142,1408,0.9463,2.9875271320343018,0.2778369188308716,0.003920017275959253,0.0031478512201243212,2.98732152037895
train,142,1564,0.946,1.0844448804855347,0.10632854700088501,0.009776732884347439,0.0029848471607955263,1.0839257766022135
train,142,1721,0.9463,1.1621204614639282,0.15347839891910553,0.005929495207965374,0.006201007220617998,1.1599943816053822
train,142,1877,0.9474,3.122887134552002,0.2978333830833435,0.0045821284875273705,0.003400336884712946,3.1226434502444915
train,142,2034,0.9462,4.704026222229004,0.43483927845954895,0.004381631035357714,0.003233511093224684,4.703877352369121
train,142,2190,0.9472,6.900507926940918,0.6300358176231384,0.006871041841804981,0.003749485092569454,6.900371273011256
train,142,2346,0.9481,8.623939514160156,0.7716003656387329,0.01906760223209858,0.002555487112542993,8.623884531120282
train,142,2503,0.9481,10.655989646911621,0.9544296264648438,0.007674830965697765,0.0030007646024993997,10.655929801252803
train,142,2659,0.9474,12.721205711364746,1.1622955799102783,0.005132597871124744,0.004370761606715149,12.721103229124752
train,142,2815,0.9479,14.50875473022461,1.3082592487335205,0.008699016645550728,0.003881541888794319,14.5086816835376
train,142,2972,0.9489,16.15030288696289,1.4355298280715942,0.009309174492955208,0.0034813064266253457,16.150248768949723
train,142,3128,0.9483,18.30890464782715,1.638635516166687,0.005989586468786001,0.0034192911055620392,18.308857932914197
train,242,157,0.9437,18.962221145629883,1.6917290687561035,0.005611416883766651,0.003598302715148618,18.962183014607376
train,242,314,0.9445,17.083534240722656,1.519761085510254,0.008524645119905472,0.003012080792903713,17.08350735566098
train,242,470,0.9446,14.72918701171875,1.307379126548767,0.004811841528862715,0.002022353054988009,14.729175472703584
train,242,626,0.9454,12.736157417297363,1.1314586400985718,0.003955360036343336,0.0036974334182478885,12.736095717383982
train,242,783,0.9453,10.832772254943848,0.9668869376182556,0.003235515207052231,0.001888989255361835,10.832757437453449
train,242,939,0.9453,8.857166290283203,0.7909659147262573,0.004586220718920231,0.0028881565919088,8.857112785781323
train,242,1095,0.9454,7.136837005615234,0.6480594277381897,0.012125739827752113,0.0026884054269355473,7.136779115648956
train,242,1252,0.9467,4.8592753410339355,0.4423433840274811,0.004190857522189617,0.0029949597386276883,4.859163803382114
train,242,1408,0.946,2.8460693359375,0.2570624351501465,0.004448565188795328,0.0028219383562342708,2.84589695198821
train,242,1564,0.9469,0.8553690910339355,0.09912753105163574,0.003870135173201561,0.0030235787546199506,0.854691405044856
train,242,1721,0.947,0.7136573195457458,0.06978309899568558,0.02293991856276989,0.003971381194007529,0.7122348331306962
train,242,1877,0.948,3.0218584537506104,0.27770742774009705,0.007668599486351013,0.0022593471287375225,3.021743574945016
train,242,2034,0.9472,5.0956292152404785,0.45905864238739014,0.004411674104630947,0.002519572427680267,5.0955428400727545
train,242,2190,0.9468,6.6327619552612305,0.5943399667739868,0.011538962833583355,0.008191983210700308,6.632107847225358
train,242,2346,0.9477,8.908529281616211,0.7928493618965149,0.0039151315577328205,0.0016560670404170955,8.908503042555939
train,242,2503,0.9476,10.72487735748291,0.9579272866249084,0.0037286493461579084,0.003015868670964291,10.724816426790568
train,242,2659,0.9473,12.652265548706055,1.1281418800354004,0.0033772101160138845,0.002800694016478554,12.652219319065932
train,242,2815,0.948,14.573165893554688,1.2974315881729126,0.004752546548843384,0.005908169551988572,14.573004757892512
train,242,2972,0.9479,16.344667434692383,1.4541325569152832,0.008824309334158897,0.0033597131078163785,16.34461675042654
train,242,3128,0.9486,18.31768798828125,1.6262465715408325,0.003975647501647472,0.004625432369391136,18.317604905623703
train,342,157,0.944,19.131973266601562,1.7314648628234863,0.0053500025533139706,0.00583592708019232,19.131864904803923
train,342,314,0.9455,16.653308868408203,1.4959588050842285,0.005027002654969692,0.003628804378013522,16.653264800500473
train,342,470,0.9446,14.488722801208496,1.29829740524292,0.005367781966924667,0.003510149729944238,14.488674958994602
train,342,626,0.9446,12.575583457946777,1.1312490701675415,0.012833716347813606,0.0033683430552119455,12.575532535812561
train,342,783,0.9457,10.620338439941406,0.9541752338409424,0.003063879907131195,0.0022404730281777798,10.620314939676874
train,342,939,0.9459,8.670278549194336,0.7885123491287231,0.004984541330486536,0.003612191229693991,8.670189058829473
train,342,1095,0.9455,6.543954372406006,0.5882745385169983,0.007576875388622284,0.0029061743086019314,6.543878466412858
train,342,1252,0.9454,4.838644981384277,0.4355615973472595,0.003840671619400382,0.0029236763478559633,4.8385386748585955
train,342,1408,0.9457,2.8272552490234375,0.26577046513557434,0.004448565188795328,0.003921078945739564,2.826913952999636
train,342,1564,0.9471,0.8027461767196655,0.09023257344961166,0.0041245026513934135,0.0027177179018688397,0.8021636334380766
train,342,1721,0.9467,1.5391533374786377,0.1485363394021988,0.01058562658727169,0.003945454894714762,1.5384993677096475
train,342,1877,0.9473,3.491818904876709,0.3178718090057373,0.032555289566516876,0.002519262283375669,3.491696154344873
train,342,2034,0.9473,5.105240345001221,0.46429505944252014,0.004411674104630947,0.0030258268357972566,5.10511863154132
train,342,2190,0.9477,6.841312408447266,0.6171265244483948,0.006871041841804981,0.0026733455985455097,6.841238862987201
train,342,2346,0.948,9.010778427124023,0.8053745031356812,0.0034080706536769867,0.0032366899549102304,9.010697007405064
train,342,2503,0.9479,10.86715030670166,0.9701322317123413,0.012595840729773045,0.0024002701437698844,10.867109894391396
train,342,2659,0.9477,12.849448204040527,1.1606459617614746,0.01102333702147007,0.0030591970879199366,12.849395552869185
train,342,2815,0.9475,14.723363876342773,1.3097639083862305,0.007269374560564756,0.0020910146256234207,14.72333856211956
train,342,2972,0.9485,16.606338500976562,1.4907512664794922,0.0078615453094244,0.0033135618490075266,16.60628887576849
train,342,3128,0.9486,18.5948543548584,1.6534538269042969,0.0038223678711801767,0.0022753571743124932,18.594829980119485
train,442,157,0.9443,18.633150100708008,1.6672594547271729,0.005165714304894209,0.004249656803105949,18.633095427945978
train,442,314,0.9446,16.70172882080078,1.4904817342758179,0.003781049745157361,0.0027749646742029096,16.70170591213492
train,442,470,0.9457,14.524446487426758,1.2959340810775757,0.005367781966924667,0.0033689224464009196,14.524403408923137
train,442,626,0.9446,12.819236755371094,1.1412640810012817,0.004385716747492552,0.003208802506959215,12.81919188250334
train,442,783,0.9454,10.636768341064453,0.9548652768135071,0.003063879907131195,0.002401156831445506,10.636739347165154
train,442,939,0.9455,8.503472328186035,0.7631996870040894,0.014802672900259495,0.004296859524528343,8.503339505685222
train,442,1095,0.946,6.609585285186768,0.5900893807411194,0.007576875388622284,0.0035491970304958654,6.609469637139062
train,442,1252,0.9465,4.520442485809326,0.4066900908946991,0.00534600717946887,0.0027237050082287314,4.520344114090459
train,442,1408,0.9459,2.6437697410583496,0.23915699124336243,0.0036912797950208187,0.0024244735047133565,2.643633925344953
train,442,1564,0.9461,0.7062951922416687,0.07067844271659851,0.005773728713393211,0.002660609572624864,0.7056602772182667
train,442,1721,0.9464,1.1340426206588745,0.13196878135204315,0.005840203259140253,0.004122404155751365,1.1330766467725737
train,442,1877,0.947,2.954554319381714,0.3103638291358948,0.007611842360347509,0.005025718236522461,2.9540004164938543
train,442,2034,0.9474,5.18083381652832,0.48709848523139954,0.007929612882435322,0.003664290679518943,5.180661018098951
train,442,2190,0.9473,7.062999725341797,0.6626471281051636,0.008398299105465412,0.004589284613201385,7.062802238836824
train,442,2346,0.9472,9.084236145019531,0.8275650143623352,0.008770286105573177,0.003372112718590022,9.08414990987724
train,442,2503,0.9474,11.285530090332031,1.045971155166626,0.016537882387638092,0.0051897758334855,11.285370781785133
train,442,2659,0.9475,12.993977546691895,1.1902419328689575,0.013305180706083775,0.004713881769330089,12.993861548956966
train,442,2815,0.9478,14.645602226257324,1.3242268562316895,0.003515025367960334,0.0038163663327110625,14.645531839663281
train,442,2972,0.9488,17.02054786682129,1.5358513593673706,0.02966945804655552,0.004728867301006043,17.020456383845225
train,442,3128,0.9488,18.461576461791992,1.6471937894821167,0.0057492065243422985,0.00369117660018981,18.46152364570124
train,542,157,0.9438,18.769699096679688,1.6682552099227905,0.0125012481585145,0.0034551476480718384,18.76966534235755
train,542,314,0.9439,16.86749839782715,1.5050294399261475,0.0064115142449736595,0.002639733908895959,16.867477301870153
train,542,470,0.9446,14.655228614807129,1.3041942119598389,0.003940821625292301,0.0025764333004052445,14.655206027606148
train,542,626,0.9451,12.789429664611816,1.141183614730835,0.004385716747492552,0.003859532774427115,12.789362113048394
train,542,783,0.9454,10.838444709777832,0.9647921919822693,0.003235515207052231,0.00242491310520381,10.838416255761388
train,542,939,0.9456,8.788697242736816,0.797493040561676,0.005604924168437719,0.003365790563996018,8.78862068220571
train,542,1095,0.9451,6.753647327423096,0.6070867776870728,0.013370402157306671,0.0035169370834078257,6.753537116166054
train,542,1252,0.9463,4.574299335479736,0.4144454598426819,0.004472921136766672,0.002754211850899987,4.574199556130074
train,542,1408,0.9467,2.6375911235809326,0.24436624348163605,0.0036912797950208187,0.0029657566438269323,2.6373843497806457
train,542,1564,0.9462,0.9099937081336975,0.09212325513362885,0.006097070872783661,0.0020910318799370513,0.909692831063277
train,542,1721,0.947,1.1918237209320068,0.12820594012737274,0.0051784818060696125,0.0034590577777654156,1.1911747534594448
train,542,1877,0.9468,3.1246378421783447,0.28307488560676575,0.004074090626090765,0.002615594038711739,3.124490967102248
train,542,2034,0.9471,5.051695346832275,0.4528740346431732,0.005340192932635546,0.004673114526799459,5.051411898033276
train,542,2190,0.9475,6.989914417266846,0.6246103644371033,0.006793751381337643,0.004512298312264682,6.989721363830451
train,542,2346,0.9473,8.943479537963867,0.7965769171714783,0.0039151315577328205,0.002107771138986737,8.94344137816686
train,542,2503,0.9475,10.730888366699219,0.9550220966339111,0.0037286493461579084,0.0026228644936986617,10.730841200390161
train,542,2659,0.9486,12.554769515991211,1.1169981956481934,0.00938644539564848,0.0037349088868808586,12.554691922034728
train,542,2815,0.9478,14.654303550720215,1.3089383840560913,0.003515025367960334,0.002902941153594681,14.654260347850814
train,542,2972,0.9483,16.522613525390625,1.4744815826416016,0.0078615453094244,0.003379391024864116,16.5225627506396
train,542,3128,0.9482,18.348134994506836,1.6327842473983765,0.003975647501647472,0.0050213748030147765,18.348039610733622
train,642,157,0.9444,18.596872329711914,1.6869145631790161,0.005165714304894209,0.005315535731104682,18.596783496156306
train,642,314,0.9449,16.69186782836914,1.5141692161560059,0.003781049745157361,0.003986918405760608,16.69181429369869
train,642,470,0.9442,14.72553825378418,1.3359898328781128,0.004811841528862715,0.003645534959142669,14.725487320474805
train,642,626,0.9457,12.714405059814453,1.1421512365341187,0.0043046544305980206,0.0031750504905683264,12.71436126059776
train,642,783,0.9453,10.695772171020508,0.9667899012565613,0.0028601279482245445,0.0024782721731019404,10.695742106831814
train,642,939,0.9458,8.946683883666992,0.8280394077301025,0.009812334552407265,0.0040989698740840795,8.946569673231448
train,642,1095,0.9456,6.895537376403809,0.6600272059440613,0.006857405416667461,0.0054073446294198475,6.895272457212736
train,642,1252,0.9461,4.574849605560303,0.438170850276947,0.0038877346087247133,0.004177389341393526,4.574612230126037
train,642,1408,0.9464,2.9517459869384766,0.30966299772262573,0.005960171576589346,0.005306017671892245,2.95114199617878
train,642,1564,0.9469,0.6583101153373718,0.07642113417387009,0.005773728713393211,0.0026001740987244815,0.6576589223602595
train,642,1721,0.9471,1.4338197708129883,0.13721813261508942,0.01058562658727169,0.004023726386421801,1.4330901372469729
train,642,1877,0.9468,2.8948564529418945,0.26085376739501953,0.007611842360347509,0.0020986872583143223,2.894752310145992
train,642,2034,0.9469,5.09381628036499,0.4608549177646637,0.005340192932635546,0.005972410426134978,5.093361416216419
train,642,2190,0.9469,7.043158054351807,0.6315560936927795,0.006793751381337643,0.005821109616985998,7.042843371024896
train,642,2346,0.9475,8.989276885986328,0.8038893342018127,0.0034080706536769867,0.002053643655590374,8.989239670985985
train,642,2503,0.948,11.132012367248535,0.9976683259010315,0.00929372850805521,0.004972512820665346,11.131863532256958
train,642,2659,0.948,12.74123764038086,1.1385009288787842,0.004953273106366396,0.0032485497454389305,12.741178200662919
train,642,2815,0.9477,14.610417366027832,1.2979589700698853,0.004752546548843384,0.0045190277026351195,14.610321830270784
train,642,2972,0.9484,16.433441162109375,1.4651730060577393,0.008824309334158897,0.004215191362258935,16.43336596218913
train,642,3128,0.9484,18.50566291809082,1.6447994709014893,0.0057492065243422985,0.0029099033394904775,18.505625949899603
train,742,157,0.9446,19.008005142211914,1.6932222843170166,0.005611416883766651,0.003976099647287125,19.007959839681725
train,742,314,0.9441,16.99298095703125,1.5140435695648193,0.006312744226306677,0.002786828256899301,16.99295766314073
train,742,470,0.945,14.889572143554688,1.3236490488052368,0.010516849346458912,0.0024836245905973863,14.889552309909238
train,742,626,0.945,13.003355026245117,1.168883204460144,0.01707541011273861,0.0031283431655010616,13.003313691456498
train,742,783,0.9458,11.005596160888672,0.9779173135757446,0.013210885226726532,0.002558385808324559,11.005564887669262
train,742,939,0.9452,8.829530715942383,0.7890539169311523,0.004487307742238045,0.004444736875558803,8.82939443652101
train,742,1095,0.946,7.005270004272461,0.626857340335846,0.00388096715323627,0.003476762765880622,7.005165798957961
train,742,1252,0.9452,5.240275859832764,0.4744234085083008,0.034246739000082016,0.004664292124972666,5.240017263607328
train,742,1408,0.9466,3.2233426570892334,0.29449108242988586,0.02108762226998806,0.002290611448578972,3.2232453622102084
train,742,1564,0.946,1.1857463121414185,0.11378984898328781,0.009776732884347439,0.00221412910602763,1.1854882732157193
train,742,1721,0.9471,0.9608349800109863,0.12491750717163086,0.015980038791894913,0.004630658223665572,0.9593995196878933
train,742,1877,0.9464,2.7847321033477783,0.285544216632843,0.01091779861599207,0.004403128456852717,2.784279806700651
train,742,2034,0.9474,4.6690545082092285,0.42925432324409485,0.004381631035357714,0.0027320951412995904,4.66894538832722
train,742,2190,0.9478,6.611411094665527,0.6185389757156372,0.011538962833583355,0.00408992949981067,6.611242401184376
train,742,2346,0.9477,8.411255836486816,0.7511222958564758,0.01906760223209858,0.0017992821850093732,8.411224063320983
train,742,2503,0.9474,10.4420804977417,0.9348111748695374,0.019236383959650993,0.002711183687846998,10.442028795786129
train,742,2659,0.948,12.650643348693848,1.1280864477157593,0.0033772101160138845,0.002412660238594506,12.650607597176492
train,742,2815,0.9486,14.126131057739258,1.2596441507339478,0.03419911488890648,0.002670642201075656,14.126091906115787
train,742,2972,0.9484,16.056354522705078,1.435300588607788,0.009309174492955208,0.003213133664410599,16.05630685263164
train,742,3128,0.9487,18.078170776367188,1.609984040260315,0.020614640787243843,0.002592896328913463,18.078140713496403
train,842,157,0.9439,19.449308395385742,1.740122675895691,0.02839657850563526,0.004635713881256811,19.449245332322782
train,842,314,0.9446,16.932937622070312,1.5075061321258545,0.006312744226306677,0.0027752840724361394,16.932914831386178
train,842,470,0.9446,14.627304077148438,1.30026376247406,0.003940821625292301,0.002846952325437531,14.627276066472472
train,842,626,0.9454,12.706701278686523,1.1285738945007324,0.0030350210145115852,0.0036477487919129308,12.706641083426687
train,842,783,0.9453,10.717666625976562,0.9555984139442444,0.0028601279482245445,0.0016524797827734692,10.717657618382287
train,842,939,0.9461,8.663933753967285,0.7758533358573914,0.004984541330486536,0.0031308063004189435,8.663868222453281
train,842,1095,0.9462,6.92959451675415,0.6206690073013306,0.006857405416667461,0.002224647940769124,6.929555374612139
train,842,1252,0.9455,4.55830717086792,0.41392070055007935,0.0038877346087247133,0.0031329339940874825,4.558176043043522
train,842,1408,0.9471,2.9836337566375732,0.2731536328792572,0.003920017275959253,0.002343715540517658,2.983522716610455
train,842,1564,0.9463,0.8364474177360535,0.08143177628517151,0.003870135173201561,0.001964879304932604,0.8361586668770324
train,842,1721,0.947,1.1567623615264893,0.10835608094930649,0.0051784818060696125,0.0024195123001610817,1.1564316599340434
train,842,1877,0.9465,3.103468418121338,0.2858676612377167,0.004074090626090765,0.0027500379876274636,3.103305851265287
train,842,2034,0.9468,5.430967330932617,0.4940450191497803,0.02256603166460991,0.002556299350805908,5.4308835556846695
train,842,2190,0.9477,7.134034156799316,0.6398365497589111,0.008398299105465412,0.0026835743213026882,7.133962825274429
train,842,2346,0.9476,9.201831817626953,0.834357500076294,0.010848885402083397,0.002638877052429513,9.201776994078752
train,842,2503,0.9472,11.058035850524902,0.9893879294395447,0.00929372850805521,0.00349278338246798,11.057958145504688
train,842,2659,0.9479,12.726886749267578,1.1364409923553467,0.004953273106366396,0.002713604892140029,12.72684299046202
train,842,2815,0.9485,14.952113151550293,1.3592675924301147,0.020898234099149704,0.004295232726401073,14.952027822277609
train,842,2972,0.948,16.687437057495117,1.4941798448562622,0.007881490513682365,0.0032201187861180423,16.687390647128304
train,842,3128,0.9487,18.628372192382812,1.652075171470642,0.0038223678711801767,0.002124217057508303,18.628350042680168
validation,942,157,0.944,18.801076889038086,1.6891463994979858,0.005453439429402351,0.004305185640459228,18.801020698185155
validation,942,314,0.9439,16.79159164428711,1.4966548681259155,0.003186972578987479,0.0028883548304181835,16.791565729541915
validation,942,470,0.9443,14.421703338623047,1.2851861715316772,0.007555972319096327,0.0028037976333515607,14.421675544178916
validation,942,626,0.946,12.138871192932129,1.082440972328186,0.038905348628759384,0.0031383476387123015,12.138825308184298
validation,942,783,0.9454,10.569592475891113,0.9548436999320984,0.0051856436766684055,0.0026211590121697974,10.569557650555954
validation,942,939,0.9457,8.462789535522461,0.7790254950523376,0.007428198587149382,0.0036945343326574673,8.462692691683102
validation,942,1095,0.9461,6.482342720031738,0.5922853350639343,0.006605467293411493,0.0032264516040257695,6.482246796021689
validation,942,1252,0.9463,4.407011985778809,0.39922159910202026,0.010615359991788864,0.002591210303792928,4.406921084543049
validation,942,1408,0.9466,2.4789531230926514,0.2313874065876007,0.014576236717402935,0.0029942670014606954,2.4787282829495965
validation,942,1564,0.9462,0.690013587474823,0.07443729043006897,0.003379860892891884,0.002266812816213383,0.6895433597289665
validation,942,1721,0.9464,1.1916601657867432,0.12297636270523071,0.004293652251362801,0.003331117287448923,1.1910571014090023
validation,942,1877,0.9468,3.431422472000122,0.3184932768344879,0.0063161239959299564,0.0028531489203457005,3.431263907753139
validation,942,2034,0.9477,5.102660655975342,0.4570646584033966,0.00475897965952754,0.003832406476900489,5.102469824372613
validation,942,2190,0.9468,7.314511775970459,0.6552575826644897,0.016449715942144394,0.0028785285088904463,7.314432990754373
validation,942,2346,0.9476,9.144614219665527,0.8147749304771423,0.006998388562351465,0.0027780847352135143,9.144553591466416
validation,942,2503,0.9481,10.902000427246094,0.9709845781326294,0.005279719363898039,0.003080482812704067,10.901938765576404
validation,942,2659,0.9483,13.037633895874023,1.165573239326477,0.00573978153988719,0.0031779238872405124,13.03757762138295
validation,942,2815,0.9477,14.841641426086426,1.3244138956069946,0.011056678369641304,0.003364764111867903,14.841585706088825
validation,942,2972,0.9481,16.80629539489746,1.4967488050460815,0.011391833424568176,0.0037016025707914527,16.806236181052725
validation,942,3128,0.9489,18.62645721435547,1.6601142883300781,0.0033076852560043335,0.003649445332908711,18.626404528197405
diffusion,40001,,0.9404,105.44601440429688,10.932848930358887,7.679598808288574,0.7167635640051128,105.13373126911668
diffusion,40002,,0.7933,388.7321472167969,40.30699920654297,32.645782470703125,2.671562919262163,387.55533455837497
diffusion,40003,,0.9406,82.30890655517578,8.621259689331055,5.56255578994751,0.552127365051288,82.0715374879631
diffusion,40004,,0.9408,98.08295440673828,10.173467636108398,7.028419017791748,0.6405041210116686,97.81489224432995
diffusion,40005,,0.9295,196.95565795898438,20.63633155822754,15.695344924926758,1.3609982669235565,196.35284244908928
diffusion,40006,,0.8356,361.9637451171875,38.19512939453125,30.280179977416992,2.5740601190742316,360.79032964229225
diffusion,40007,,0.9168,749.693115234375,80.12147521972656,64.62332153320312,5.446838425471709,747.1561322011495
diffusion,40008,,0.9414,82.71209716796875,8.464666366577148,5.669682025909424,0.5216432023734201,82.50127182528834
diffusion,40009,,0.932,386.0684814453125,40.62717819213867,32.4822998046875,2.5586045865674185,384.9817131485011
diffusion,40010,,0.9414,15.662443161010742,1.6594204902648926,0.1334715187549591,0.11743395208713164,15.605996539553294
diffusion,40011,,0.9388,118.90462493896484,12.569808006286621,8.79724407196045,0.8379399312964181,118.52610510535263
diffusion,40012,,0.9391,147.0379180908203,15.440184593200684,11.356887817382812,1.1170075630629546,146.49381379318163
diffusion,40013,,0.9319,184.07431030273438,19.51922607421875,14.55656909942627,1.2458364661016437,183.53386671655065
diffusion,40014,,0.9347,161.54718017578125,17.27520179748535,12.56566047668457,1.1043772158218041,161.06327144369138
diffusion,40015,,0.9234,225.42787170410156,24.226099014282227,18.212560653686523,1.6502757658247311,224.6533583392121
diffusion,40016,,0.9411,84.12935638427734,8.738531112670898,5.795435428619385,0.555355959620176,83.89439305255601
diffusion,40017,,0.5106,509.083740234375,53.397056579589844,43.284175872802734,3.738494437747092,507.3236436502657
diffusion,40018,,0.9411,77.128662109375,8.105209350585938,5.177147388458252,0.5230758939569143,76.90128336716751
diffusion,40019,,0.9377,126.81578063964844,13.10990047454834,9.495877265930176,0.855118519052758,126.44622891335219
diffusion,40020,,0.9367,263.42041015625,27.459102630615234,21.641864776611328,1.7646666079230957,262.66275382497133
diffusion,40021,,0.9263,552.5863037109375,59.2572021484375,47.2005729675293,3.705392083294197,550.9938238358006
diffusion,40022,,0.9416,25.88514518737793,2.7472689151763916,0.5909109711647034,0.18433619380328992,25.801000768678033
diffusion,40023,,0.9341,164.89710998535156,17.156097412109375,12.86169147491455,1.1239229970306979,164.40610681776423
diffusion,40024,,0.9406,58.80113983154297,6.273723125457764,3.486581563949585,0.41830629145622633,58.6103894050124
diffusion,40025,,0.9388,151.8729248046875,16.127609252929688,11.782761573791504,1.0253576324409543,151.42922408552303
diffusion,40026,,0.9406,101.66621398925781,10.682360649108887,7.345317840576172,0.6769188064567677,101.3773375107415
diffusion,40027,,0.9412,15.66477108001709,1.6457161903381348,0.12249678373336792,0.115745320685728,15.609933389958435
diffusion,40028,,0.9379,206.3245086669922,21.617023468017578,16.595422744750977,1.390277567385452,205.7240663843565
diffusion,40029,,0.9377,208.47921752929688,21.950883865356445,16.786169052124023,1.4439661961875985,207.83814817873287
diffusion,40030,,0.8728,330.5140075683594,34.9397087097168,27.500255584716797,2.319458423436083,329.47062972345157
diffusion,40031,,0.9388,159.15208435058594,16.210325241088867,12.425715446472168,1.034191236359808,158.72139491725562
diffusion,40032,,0.9405,59.3394660949707,6.195364952087402,3.5337166786193848,0.41241325985219757,59.15574367981345
diffusion,40033,,0.9416,8.326711654663086,1.0513882637023926,0.12329575419425964,0.12038269947122121,8.214575743531217
diffusion,40034,,0.9045,280.6712646484375,30.083284378051758,23.094938278198242,1.9881417047021142,279.76850780873747
diffusion,40035,,0.9357,289.9490661621094,30.592533111572266,23.986873626708984,1.9835743932681178,289.0792813946643
diffusion,40036,,0.871,328.58538818359375,34.66889953613281,27.32963752746582,2.272341477586328,327.5781268413556
diffusion,40037,,0.9348,313.03515625,33.75178146362305,26.027437210083008,2.151433919607048,312.0874032055111
diffusion,40038,,0.9345,164.1728973388672,16.922035217285156,12.797344207763672,1.0861353199915942,163.71237314799174
diffusion,40039,,0.9349,306.733154296875,32.36078643798828,25.470233917236328,2.0695640313722565,305.83817624371426
diffusion,40040,,0.9387,158.16824340820312,16.77681541442871,12.339943885803223,1.1419810256079097,157.63966590360994
diffusion,40041,,0.9368,265.2837219238281,27.902690887451172,21.806779861450195,1.8164100817717201,264.4865221028407
diffusion,40042,,0.3104,665.3757934570312,69.26109313964844,57.09822463989258,4.778590810920136,663.1757246431098
diffusion,40043,,0.939,184.5349884033203,19.276308059692383,14.66944408416748,1.2307807003734195,184.00887966196564
diffusion,40044,,0.9407,80.40416717529297,8.340746879577637,5.394860744476318,0.5641054500180618,80.15048462931227
diffusion,40045,,0.9378,204.22044372558594,21.26321029663086,16.409317016601562,1.3577487162725985,203.64189009665677
diffusion,40046,,0.9347,314.8081359863281,33.79821014404297,26.18427085876465,2.188955225653741,313.8325088949015
diffusion,40047,,0.7762,399.5036315917969,42.1898307800293,33.59808349609375,2.804316561979159,398.2418179031191
diffusion,40048,,0.9333,176.97679138183594,18.362627029418945,13.92928695678711,1.200238550950558,176.4550888510861
diffusion,40049,,0.8585,343.8204040527344,37.36943435668945,28.676172256469727,2.3656788135529636,342.7770737774566
diffusion,40050,,0.9413,74.65470886230469,7.636404514312744,4.957831382751465,0.47752493469108914,74.45895607903886
diffusion,40051,,0.9222,233.40377807617188,24.675565719604492,18.91686248779297,1.6175783923101086,232.6852065424991
diffusion,40052,,0.9365,139.91024780273438,14.790413856506348,10.653759002685547,0.9892647497284237,139.4618743566396
diffusion,40053,,0.9379,205.48779296875,21.815385818481445,16.521940231323242,1.4453699245800227,204.83610052569298
diffusion,40054,,0.9415,8.973654747009277,1.049560785293579,0.08241654932498932,0.0823641069520135,8.925133799032132
diffusion,40055,,0.9378,223.31399536132812,23.372764587402344,18.096969604492188,1.4913238918229332,222.67567362735844
diffusion,40056,,0.9375,239.61817932128906,25.037195205688477,19.538244247436523,1.6325366568189301,238.90527786453583
diffusion,40057,,0.9287,474.3783874511719,49.75179672241211,40.28815841674805,3.2530031799429393,472.9485913543507
diffusion,40058,,0.941,17.75088119506836,1.9498999118804932,0.1367853283882141,0.13251245737078202,17.687451211526295
diffusion,40059,,0.8271,369.9492492675781,38.59275817871094,30.98531150817871,2.4744645712628373,368.88849799952254
diffusion,40060,,0.8064,379.6461181640625,39.7620735168457,31.84242820739746,2.5478394167477973,378.5502356894376
diffusion,40061,,0.9407,91.9557876586914,9.548262596130371,6.414515495300293,0.5908867854645499,91.71246676076893
diffusion,40062,,0.939,149.0333251953125,15.456367492675781,11.531434059143066,0.973236140859253,148.6260150086558
diffusion,40063,,0.9388,178.2568359375,18.98672103881836,14.115470886230469,1.289715780072491,177.65863024578732
diffusion,40064,,0.9356,145.9813995361328,15.257891654968262,11.190078735351562,1.0130707257133977,145.5307562747072
diffusion,40065,,0.9373,130.3607635498047,13.590415000915527,9.808937072753906,0.8607197037827907,129.9965513536904
diffusion,40066,,0.9404,105.1290283203125,10.748066902160645,7.650964736938477,0.6764595234391363,104.85008475709229
diffusion,40067,,0.9284,499.72552490234375,52.7895393371582,42.52842712402344,3.3869788073525857,498.2541886406516
diffusion,40068,,0.9391,182.97103881835938,19.030336380004883,14.530964851379395,1.191713739082352,182.47359524967925
diffusion,40069,,0.9325,381.60888671875,41.158145904541016,32.08872985839844,2.6807366921040914,380.40175512931364
diffusion,40070,,0.9362,284.4590759277344,29.475318908691406,23.501596450805664,1.9407563600064728,283.61036330821236
diffusion,40071,,0.9409,57.65196228027344,6.031442165374756,3.455690622329712,0.3712508944693784,57.498747879391026
diffusion,40072,,0.9377,127.02877807617188,13.440862655639648,9.515363693237305,0.9035578413730428,126.6167912402285
diffusion,40073,,0.9405,97.53955841064453,10.874030113220215,6.910584449768066,0.7573407731276119,97.16248993555857
diffusion,40074,,0.9375,245.0439910888672,26.13080406188965,20.017711639404297,1.6536770221602448,244.3287015066993
diffusion,40075,,0.5995,473.3301696777344,50.21483612060547,40.12422180175781,3.5413446591746434,471.6314067395366
diffusion,40076,,0.9142,258.56829833984375,27.229963302612305,21.140918731689453,1.770069220582553,257.79161915855684
diffusion,40077,,0.8813,317.0321350097656,33.255706787109375,26.308147430419922,2.125370591613436,316.11894486086123
diffusion,40078,,0.9416,7.609511375427246,0.9773281812667847,0.11151967942714691,0.10644865576229792,7.513611947760557
diffusion,40079,,0.9177,252.20501708984375,26.90818214416504,20.57855224609375,1.7340609498157837,251.44081793410663
diffusion,40080,,0.9417,39.081382751464844,4.047977447509766,1.8173048496246338,0.2682966667638622,38.963318390321234
diffusion,40081,,0.8947,299.209716796875,31.087505340576172,24.73318099975586,2.0648120035875066,298.2963845398448
diffusion,40082,,0.9104,268.9884948730469,28.387989044189453,22.061681747436523,1.8011822613841115,268.215484373816
diffusion,40083,,0.9318,189.57447814941406,19.97288703918457,15.043396949768066,1.3575677596709304,188.95127017829884
diffusion,40084,,0.9331,359.6459045410156,38.30855178833008,30.147218704223633,2.4661639201512244,358.5619785467344
diffusion,40085,,0.9156,261.7223815917969,31.194223403930664,21.428373336791992,2.8603056865365697,259.7140659440414
diffusion,40086,,0.9285,478.3845520019531,52.19784927368164,40.64212417602539,3.2385136771104,476.9793718069823
diffusion,40087,,0.9292,445.47357177734375,46.8496208190918,37.73310852050781,2.9891306463301186,444.1880444256231
diffusion,40088,,0.9418,42.208595275878906,4.286547660827637,2.0916450023651123,0.26484800404804815,42.10209919555909
diffusion,40089,,0.9413,80.49160766601562,8.242769241333008,5.473892688751221,0.527738436425171,80.2698519454795
diffusion,40090,,0.9415,36.37722396850586,3.7274913787841797,1.5769267082214355,0.2231295696029569,36.289522425789876
diffusion,40091,,0.9413,19.141693115234375,2.1395187377929688,0.16985167562961578,0.1700661363794352,19.044752972375385
diffusion,40092,,0.9416,33.0653076171875,3.4889774322509766,1.2862473726272583,0.21469129510833673,32.975966577496656
diffusion,40093,,0.9416,45.78145217895508,5.133249282836914,2.411072254180908,0.36102744572428114,45.598872546775446
diffusion,40094,,0.8286,366.6724853515625,39.644630432128906,30.696102142333984,2.5465789679057145,365.538819521671
diffusion,40095,,0.9317,184.9700469970703,19.54418182373047,14.636244773864746,1.3058231057084488,184.3791198771575
diffusion,40096,,0.9409,72.79824829101562,7.576546669006348,4.72337007522583,0.5289089309399893,72.55190302272297
diffusion,40097,,0.9379,200.4213104248047,21.112224578857422,16.073827743530273,1.370694935362112,199.820444256399
diffusion,40098,,0.9063,279.91436767578125,29.750534057617188,23.027978897094727,1.977301093001641,279.01901724702157
diffusion,40099,,0.9408,75.7529296875,8.012917518615723,4.983689308166504,0.5233381919385227,75.52119316343675
diffusion,40100,,0.9414,21.294584274291992,2.2500271797180176,0.2882087826728821,0.1773077048494086,21.19988192815412
gaussian,40001,,0.9413,11.646550178527832,3.1188175678253174,1.029939889907837,1.0291822388888814,0.2505529217028387
gaussian,40002,,0.9415,11.442160606384277,2.6815297603607178,1.0059664249420166,1.0058924304539694,1.1874345655280036
gaussian,40003,,0.9413,10.074698448181152,2.279320001602173,0.8854088187217712,0.8855550346654135,1.0588432083958148
gaussian,40004,,0.9416,11.012787818908691,3.0432560443878174,0.9739838242530823,0.9732283949643901,0.2086662852354802
gaussian,40005,,0.9414,10.772956848144531,2.197180986404419,0.9538990259170532,0.9522043249830717,0.007272100908654211
gaussian,40006,,0.9415,12.674805641174316,3.1608972549438477,1.1136474609375,1.1131274266201239,1.4324601887957604
gaussian,40007,,0.9415,12.532422065734863,3.211992025375366,1.0677043199539185,1.068279028191309,3.3144143336391205
gaussian,40008,,0.9415,11.525428771972656,2.6066365242004395,1.0177271366119385,1.0178233671557144,0.48192248288094286
gaussian,40009,,0.9413,10.707422256469727,2.729670763015747,0.948095440864563,0.94640089524364,0.04872548919215414
gaussian,40010,,0.9418,10.81775188446045,2.947319984436035,0.9564826488494873,0.9558797441964255,0.26345568870229913
gaussian,40011,,0.9421,10.855615615844727,2.6618072986602783,0.956014096736908,0.956532081142343,0.8545546625176121
gaussian,40012,,0.9413,11.95122241973877,2.3964474201202393,1.0541919469833374,1.054651870405624,0.6773350798803612
gaussian,40013,,0.9419,10.995979309082031,2.3222789764404297,0.9719364047050476,0.9711735200386596,0.42975532237850345
gaussian,40014,,0.9417,9.585890769958496,2.499474287033081,0.8419480323791504,0.8418507148061918,1.0835638660946882
gaussian,40015,,0.9414,11.126771926879883,2.469290018081665,0.9819647073745728,0.9822554376050657,0.5546402958568878
gaussian,40016,,0.9409,11.77910327911377,2.9452855587005615,1.0366621017456055,1.036780287899275,1.0762514049267176
gaussian,40017,,0.9413,12.048300743103027,2.8734114170074463,1.059610366821289,1.0597702932684914,1.1844970722121606
gaussian,40018,,0.9417,12.35318660736084,3.024199962615967,1.0850743055343628,1.0852262361503573,1.3614571999744238
gaussian,40019,,0.9421,11.12131118774414,2.487776756286621,0.9800071120262146,0.9802052550699212,0.83723095276695
gaussian,40020,,0.9415,10.035789489746094,2.162771224975586,0.8864970207214355,0.8864599602201073,0.3647607064144845
gaussian,40021,,0.9412,9.670248985290527,2.275574207305908,0.8500831127166748,0.8503662619984609,0.9767737561060643
gaussian,40022,,0.9417,10.913782119750977,2.719041585922241,0.9609271287918091,0.961008899775219,0.9475709508256596
gaussian,40023,,0.9415,10.947896957397461,2.5611610412597656,0.9669517278671265,0.9669073990985745,0.4332845460579985
gaussian,40024,,0.9416,10.223358154296875,2.6185245513916016,0.9019282460212708,0.9020646223735403,0.6007044320067367
gaussian,40025,,0.9417,10.277788162231445,2.5442309379577637,0.9070738554000854,0.9066907739269573,0.6369498733103212
gaussian,40026,,0.9413,10.774327278137207,3.328216552734375,0.9542942047119141,0.9523252622658646,4.649924050931925e-05
gaussian,40027,,0.9412,10.737095832824707,3.079899311065674,0.9456800818443298,0.946090710130328,0.8450289335967593
gaussian,40028,,0.9418,11.500064849853516,2.913947343826294,1.0150858163833618,1.015204124046351,0.5739220357129247
gaussian,40029,,0.9411,11.371824264526367,2.349424123764038,1.0026698112487793,1.0030432927925101,0.7333098949926812
gaussian,40030,,0.9418,11.588822364807129,3.0618364810943604,1.0255963802337646,1.0242800937187204,0.09812134197879674
gaussian,40031,,0.9414,12.826723098754883,3.747728109359741,1.130393624305725,1.1305218184243437,0.9647432860205647
gaussian,40032,,0.9416,10.834346771240234,2.6351096630096436,0.9552304148674011,0.9556481748569319,0.6967699299317783
gaussian,40033,,0.9412,10.845780372619629,2.490442991256714,0.9558888077735901,0.9559371098112125,0.8139176331524433
gaussian,40034,,0.9415,11.941535949707031,3.2105281352996826,1.035904884338379,1.035596487213369,2.3076616324703103
gaussian,40035,,0.9412,10.03606128692627,1.9843190908432007,0.8819467425346375,0.8826528876539004,1.000393184068548
gaussian,40036,,0.9416,10.667433738708496,2.616016149520874,0.9334638118743896,0.9328822684533867,1.5490523989872276
gaussian,40037,,0.9416,11.51879596710205,3.1876564025878906,1.013654112815857,1.0136752715324462,1.076096483015194
gaussian,40038,,0.9411,11.162931442260742,2.3155202865600586,0.9876967668533325,0.9866056647314891,0.13151633202539004
gaussian,40039,,0.9414,10.6821928024292,3.469960927963257,0.9389721155166626,0.9387080726253589,1.1485536813280983
gaussian,40040,,0.9416,10.415166854858398,2.9367873668670654,0.9080972671508789,0.9082153952891541,1.701208929445767
gaussian,40041,,0.9415,11.508718490600586,2.4285972118377686,1.0176490545272827,1.016832921980799,0.3241762253350637
gaussian,40042,,0.9421,10.4131498336792,2.644364356994629,0.8992527723312378,0.8988943858469599,2.2379241530783096
gaussian,40043,,0.9416,11.874186515808105,3.761984348297119,1.0456924438476562,1.0457486416856847,1.0083770451541996
gaussian,40044,,0.9416,11.483092308044434,3.0429909229278564,1.0147088766098022,1.0143992330978748,0.38572098343449635
gaussian,40045,,0.9416,10.551267623901367,2.8338253498077393,0.9319362640380859,0.9317160364859371,0.46171412924865085
gaussian,40046,,0.9412,11.328902244567871,3.4462740421295166,0.9873246550559998,0.9871443430859811,1.9009784472837754
gaussian,40047,,0.9417,10.986618041992188,2.762885093688965,0.9697335362434387,0.9698223281089665,0.5613342562943822
gaussian,40048,,0.9414,11.936680793762207,3.011432647705078,1.0553185939788818,1.0547863184296844,0.27366199534626967
gaussian,40049,,0.9413,10.544732093811035,2.711099147796631,0.9211596250534058,0.920045210028495,1.685699836058983
gaussian,40050,,0.9416,11.211122512817383,4.079946994781494,0.9918341040611267,0.9909057573238713,0.08265587533595714
gaussian,40051,,0.9415,11.605195045471191,2.8568193912506104,1.0218777656555176,1.021939908745691,1.001042058523241
gaussian,40052,,0.9416,11.277935028076172,3.197813034057617,0.9944304823875427,0.9950618922155674,0.6729831992742199
gaussian,40053,,0.9415,10.98664665222168,3.0243115425109863,0.9707398414611816,0.9704999347907918,0.383469865539977
gaussian,40054,,0.9412,10.703109741210938,3.448591947555542,0.9441136121749878,0.9443660812081882,0.6345037782728116
gaussian,40055,,0.9415,10.534978866577148,2.6790151596069336,0.926609992980957,0.9268942717206153,1.0084138076396003
gaussian,40056,,0.941,11.197394371032715,2.512904167175293,0.9907393455505371,0.9895130305132753,0.2285746172176637
gaussian,40057,,0.9416,10.824116706848145,2.6715118885040283,0.9493622779846191,0.9497260816107008,1.3069952994482397
gaussian,40058,,0.9415,11.094488143920898,3.0757155418395996,0.9809046983718872,0.9803949218860156,0.23961866975259594
gaussian,40059,,0.9409,10.943224906921387,3.083686113357544,0.9619212746620178,0.9620729693235388,1.1310028162892065
gaussian,40060,,0.9418,12.39217472076416,2.893348455429077,1.0916086435317993,1.0918575929938457,0.9850789609035004
gaussian,40061,,0.9415,11.534404754638672,2.52850341796875,1.0117409229278564,1.0114748350237317,1.4450265679331866
gaussian,40062,,0.9417,10.952439308166504,2.8850245475769043,0.9660425186157227,0.966262915963317,0.6684790437298873
gaussian,40063,,0.9417,11.579863548278809,3.147873640060425,1.0235140323638916,1.0233393313977739,0.2197346161853826
gaussian,40064,,0.9413,10.79511833190918,2.458094596862793,0.9543405175209045,0.9537389743813064,0.32193178172767883
gaussian,40065,,0.9412,11.02536392211914,2.5613996982574463,0.9733783602714539,0.9735789147323578,0.48287884832732797
gaussian,40066,,0.9413,10.873431205749512,2.9715261459350586,0.9622796177864075,0.9610674901744835,0.06490081830511366
gaussian,40067,,0.9414,10.128410339355469,3.4289002418518066,0.8638879656791687,0.8645893963921419,2.6273235148158918
gaussian,40068,,0.9417,11.063820838928223,3.1488890647888184,0.9778148531913757,0.977354874758007,0.3737972423653531
gaussian,40069,,0.9413,11.011436462402344,2.944391965866089,0.9730473756790161,0.9724523962170072,0.4546775711923804
gaussian,40070,,0.941,11.384387969970703,3.7999460697174072,1.0031706094741821,1.0036899141370228,0.8110191686857
gaussian,40071,,0.9415,11.651238441467285,3.689145088195801,1.0301536321640015,1.0293244530983514,0.3662950640959952
gaussian,40072,,0.9415,11.062671661376953,2.5993502140045166,0.9784513115882874,0.9774085282817562,0.31740372799128896
gaussian,40073,,0.9416,10.951329231262207,3.0451438426971436,0.9583758115768433,0.9573644240998835,1.6166632963676233
gaussian,40074,,0.9415,10.649419784545898,2.629307985305786,0.9371429681777954,0.9373303811554184,0.9752184198477308
gaussian,40075,,0.9415,13.306702613830566,2.9991331100463867,1.1683545112609863,1.1678175326503226,1.5817644866050284
gaussian,40076,,0.9415,10.393373489379883,3.318228244781494,0.9140560626983643,0.9139664787576246,1.0485563166721454
gaussian,40077,,0.9417,10.062179565429688,3.7180140018463135,0.8795245289802551,0.8788667768509222,1.5424471558284303
gaussian,40078,,0.9413,11.27824592590332,2.447904348373413,0.9986982941627502,0.996850313175142,0.06295162804004184
gaussian,40079,,0.9414,12.1813383102417,2.886403799057007,1.0728641748428345,1.0733373823023542,0.9603379493846058
gaussian,40080,,0.9412,11.551655769348145,2.9089348316192627,1.0145827531814575,1.0145168806582199,1.30296329443009
gaussian,40081,,0.9415,11.309406280517578,3.0721843242645264,0.9836658239364624,0.9823588965606695,2.0926024848114313
gaussian,40082,,0.9417,11.497387886047363,3.1441352367401123,1.0160833597183228,1.015693332860992,0.37515810361670526
gaussian,40083,,0.9416,11.824145317077637,2.4853060245513916,1.0464247465133667,1.0450669615491148,0.11661142414235165
gaussian,40084,,0.9414,12.010334968566895,3.646904945373535,1.0554028749465942,1.0556103979773694,1.271359350761376
gaussian,40085,,0.9418,10.734116554260254,2.5595688819885254,0.9471758008003235,0.9472421973124787,0.6089872222564761
gaussian,40086,,0.9417,10.566181182861328,2.4283840656280518,0.9308069944381714,0.9308746563443,0.8534932283421397
gaussian,40087,,0.9414,12.200688362121582,2.7248716354370117,1.0685933828353882,1.0685282759970138,1.6469315476587454
gaussian,40088,,0.9412,13.279770851135254,3.022326707839966,1.173866868019104,1.1736177889190174,0.21891351068372455
gaussian,40089,,0.9414,11.963746070861816,3.9420664310455322,1.0556094646453857,1.0558266148872293,0.6638770589523885
gaussian,40090,,0.9412,11.883729934692383,3.0755395889282227,1.0421006679534912,1.0421158822113474,1.4881112304814452
gaussian,40091,,0.9414,11.278829574584961,3.61820912361145,0.9975476861000061,0.996639854520588,0.26641303207727995
gaussian,40092,,0.9416,12.079670906066895,3.2615129947662354,1.0641957521438599,1.0645427513060162,0.9286473787472194
gaussian,40093,,0.9416,10.62838077545166,2.827016592025757,0.9372550249099731,0.9374854654197363,0.6826917051787845
gaussian,40094,,0.9418,11.962132453918457,2.851264476776123,1.0521941184997559,1.0521290695595773,1.1831976656623806
gaussian,40095,,0.9412,9.708043098449707,2.324702739715576,0.8551053404808044,0.8552685958133259,0.7849249426573325
gaussian,40096,,0.9416,11.099367141723633,2.5981690883636475,0.9790754914283752,0.9792522234314519,0.6726915580793449
gaussian,40097,,0.9417,11.644851684570312,2.905782461166382,1.0287758111953735,1.028706866800485,0.3853006222786914
gaussian,40098,,0.9412,12.316170692443848,3.073596239089966,1.086434006690979,1.0866689075364844,0.7341173342734081
gaussian,40099,,0.941,12.222617149353027,2.83821702003479,1.076607584953308,1.0766759256280007,1.005444975988507
gaussian,40100,,0.9417,11.451196670532227,2.963677167892456,1.0124812126159668,1.0117752198297327,0.31264702837196934
