seed,completed_steps,norm,max_abs_coordinate,nearest_training_latent_rms,pca_residual_rms,pca_score_norm
40001,0,11.646550178527832,3.1188175678253174,1.029939889907837,1.0291822388888814,0.2505529217028387
40001,25,11.567841529846191,2.5227530002593994,0.9957087635993958,0.9955385341993758,2.637128934735098
40001,50,12.454607963562012,2.728665351867676,0.9180989861488342,0.9185980907400569,6.86352859226618
40001,75,16.997426986694336,3.4793334007263184,0.8839139342308044,0.883144492880108,13.750621768606893
40001,100,31.149965286254883,4.710519313812256,1.3319228887557983,0.9441215851326491,29.26132903258651
40001,125,52.54601287841797,7.049331188201904,3.041990041732788,0.8629365328826315,51.631064929467996
40001,150,76.00591278076172,9.10913372039795,5.090157985687256,0.877085135724756,75.35535566566966
40001,175,96.91797637939453,10.80846881866455,6.929623603820801,0.8360596053165887,96.45528344349475
40001,199,105.43053436279297,10.94730281829834,7.6782965660095215,0.7206517702892139,105.11480093971169
40001,200,105.44601440429688,10.932848930358887,7.679598808288574,0.7167635640051128,105.13373126911668
40002,0,11.442160606384277,2.6815297603607178,1.0059664249420166,1.0058924304539694,1.1874345655280036
40002,25,15.412681579589844,3.246638059616089,1.1288648843765259,1.129170037553789,8.622526607405398
40002,50,26.37666893005371,5.303308963775635,1.1943129301071167,1.1541385273875906,22.917866941701845
40002,75,53.46167755126953,7.15456485748291,3.088428497314453,1.1657681674979938,51.80924375899856
40002,100,108.48382568359375,13.131830215454102,7.8904852867126465,1.351033555018314,107.4016066111576
40002,125,189.9218292236328,20.15624237060547,15.076837539672852,1.6279056811469224,189.02669327405317
40002,150,282.199951171875,29.282136917114258,23.2305965423584,2.086698641684432,281.2107275993394
40002,175,358.5500183105469,37.295310974121094,29.978450775146484,2.5494049697853547,357.3879864793764
40002,199,388.6468200683594,40.32338333129883,32.638240814208984,2.6720465603052475,387.4692817289299
40002,200,388.7321472167969,40.30699920654297,32.645782470703125,2.671562919262163,387.55533455837497
40003,0,10.074698448181152,2.279320001602173,0.8854088187217712,0.8855550346654135,1.0588432083958148
40003,25,13.775482177734375,3.5467023849487305,1.1971746683120728,1.196884662356179,2.529748299198973
40003,50,13.439705848693848,3.284572124481201,1.1171163320541382,1.1173039549288053,4.564496303855545
40003,75,15.6425199508667,3.203195095062256,1.0426377058029175,1.042139800019398,10.279766499065932
40003,100,25.07145881652832,4.3092546463012695,1.0269259214401245,0.9931885991869763,22.41241056483981
40003,125,40.483890533447266,6.291979789733887,1.9733220338821411,0.9464535328590709,39.04211628772821
40003,150,59.156673431396484,7.502435207366943,3.544717788696289,0.8655662796532345,58.340505153363665
40003,175,76.04228210449219,8.322013854980469,5.013426780700684,0.6633705161218233,75.67101277337841
40003,199,82.2932357788086,8.624860763549805,5.561232089996338,0.554599936032187,82.05368837253113
40003,200,82.30890655517578,8.621259689331055,5.56255578994751,0.552127365051288,82.0715374879631
40004,0,11.012787818908691,3.0432560443878174,0.9739838242530823,0.9732283949643901,0.2086662852354802
40004,25,14.940417289733887,3.9150424003601074,1.3208396434783936,1.320335883175754,0.2745045905384267
40004,50,14.010976791381836,3.2346551418304443,1.169671893119812,1.1699262813683,4.594591310300912
40004,75,17.6915283203125,3.6644716262817383,1.169916033744812,1.1691012812164694,11.74904175158246
40004,100,28.536317825317383,4.5035858154296875,1.2751506567001343,1.1172781884728615,25.583931965182643
40004,125,46.603553771972656,6.17047119140625,2.54093074798584,0.9195276887124029,45.42755910191069
40004,150,71.71308898925781,8.39298152923584,4.711245059967041,0.831044065793385,71.0940525693712
40004,175,90.27137756347656,10.243109703063965,6.341976642608643,0.7648605360372666,89.85565444703158
40004,199,98.06478118896484,10.18588924407959,7.0268378257751465,0.6418517808443865,97.79553219769232
40004,200,98.08295440673828,10.173467636108398,7.028419017791748,0.6405041210116686,97.81489224432995
40005,0,10.772956848144531,2.197180986404419,0.9538990259170532,0.9522043249830717,0.007272100908654211
40005,25,11.047112464904785,2.90879225730896,0.9737423658370972,0.9742593203080632,0.7371822018413347
40005,50,15.49301528930664,3.4854438304901123,1.0708670616149902,1.0687123287498181,9.68705984588784
40005,75,27.190948486328125,4.821184158325195,1.1219871044158936,1.026637461186889,24.58532738965782
40005,100,56.5649299621582,7.804396629333496,3.35709810256958,1.2067412855224233,54.89258234586927
40005,125,97.0601577758789,11.184952735900879,6.8801140785217285,1.1756634555220289,96.14445372626
40005,150,143.1294708251953,15.29013442993164,10.942011833190918,1.2771208944086332,142.39829203674037
40005,175,181.34140014648438,19.258604049682617,14.31624984741211,1.3523751780256308,180.69478083232462
40005,199,196.91819763183594,20.63277244567871,15.69205379486084,1.3630434678592096,196.31345021686747
40005,200,196.95565795898438,20.63633155822754,15.695344924926758,1.3609982669235565,196.35284244908928
