row,split,branch_id,source_accuracy,reconstruction_accuracy,accuracy_loss_points,source_reconstruction_disagreement,source_average_disagreement,reconstruction_average_disagreement,normalized_reconstruction_mse
0,train,0,0.9444,0.9414,0.30000000000000027,0.0241,0.0071,0.0234,0.13421455025672913
1,train,0,0.9441,0.9414,0.27000000000000357,0.0248,0.0066,0.0232,0.1349065899848938
2,train,0,0.9446,0.9414,0.31999999999999806,0.0238,0.0054,0.0232,0.13566170632839203
3,train,0,0.9451,0.9416,0.35000000000000586,0.024,0.0043,0.0232,0.13654518127441406
4,train,0,0.9451,0.9414,0.37000000000000366,0.0217,0.005,0.0232,0.13732579350471497
5,train,0,0.9459,0.9416,0.42999999999999705,0.0233,0.0041,0.023,0.13823913037776947
6,train,0,0.9457,0.9416,0.40999999999999925,0.0235,0.0058,0.0231,0.13915835320949554
7,train,0,0.9465,0.9417,0.48000000000000265,0.0222,0.0041,0.023,0.14014363288879395
8,train,0,0.9463,0.9418,0.45000000000000595,0.0224,0.0026,0.0231,0.14108529686927795
9,train,0,0.946,0.9416,0.43999999999999595,0.0241,0.003,0.0232,0.14210344851016998
10,train,0,0.9463,0.9414,0.49000000000000155,0.023,0.0042,0.0234,0.1433200240135193
11,train,0,0.9474,0.9412,0.6199999999999983,0.023,0.0037,0.0233,0.14444014430046082
12,train,0,0.9462,0.9413,0.49000000000000155,0.0243,0.0048,0.0235,0.1454610973596573
13,train,0,0.9472,0.9415,0.5700000000000038,0.0229,0.0038,0.0235,0.14667373895645142
14,train,0,0.9481,0.9415,0.660000000000005,0.0225,0.0041,0.0235,0.1478266417980194
15,train,0,0.9481,0.9414,0.6700000000000039,0.0237,0.0041,0.0236,0.14906789362430573
16,train,0,0.9474,0.9413,0.6099999999999994,0.0249,0.006,0.0237,0.15054096281528473
17,train,0,0.9479,0.9411,0.6799999999999917,0.0238,0.0058,0.0239,0.15169928967952728
18,train,0,0.9489,0.9411,0.7799999999999918,0.0239,0.0043,0.0238,0.15311484038829803
19,train,0,0.9483,0.9412,0.7099999999999995,0.0243,0.0043,0.0238,0.15444175899028778
20,train,1,0.9437,0.9414,0.22999999999999687,0.0244,0.0076,0.0234,0.1342504471540451
21,train,1,0.9445,0.9414,0.30999999999999917,0.0249,0.0091,0.0232,0.13492166996002197
22,train,1,0.9446,0.9414,0.31999999999999806,0.0231,0.0053,0.0232,0.1357605904340744
23,train,1,0.9454,0.9416,0.38000000000000256,0.0244,0.0054,0.0232,0.13647115230560303
24,train,1,0.9453,0.9414,0.39000000000000146,0.0226,0.0042,0.0232,0.1373300403356552
25,train,1,0.9453,0.9416,0.37000000000000366,0.0225,0.0046,0.023,0.1380806863307953
26,train,1,0.9454,0.9416,0.38000000000000256,0.0225,0.004,0.0231,0.1390957087278366
27,train,1,0.9467,0.9417,0.5000000000000004,0.0226,0.0048,0.023,0.14017245173454285
28,train,1,0.946,0.9418,0.41999999999999815,0.023,0.0044,0.0231,0.1411190927028656
29,train,1,0.9469,0.9416,0.5299999999999971,0.0234,0.0039,0.0232,0.14214414358139038
30,train,1,0.947,0.9414,0.5599999999999938,0.0237,0.0038,0.0234,0.14319226145744324
31,train,1,0.948,0.9412,0.6799999999999917,0.0239,0.0026,0.0233,0.1443554311990738
32,train,1,0.9472,0.9413,0.5900000000000016,0.023,0.0033,0.0235,0.14554376900196075
33,train,1,0.9468,0.9415,0.5299999999999971,0.0246,0.0063,0.0235,0.14671535789966583
34,train,1,0.9477,0.9415,0.6199999999999983,0.024,0.0029,0.0235,0.1478983461856842
35,train,1,0.9476,0.9414,0.6199999999999983,0.0239,0.0043,0.0236,0.14908762276172638
36,train,1,0.9473,0.9413,0.6000000000000005,0.0252,0.004,0.0237,0.15044571459293365
37,train,1,0.948,0.9411,0.6899999999999906,0.0225,0.005,0.0239,0.1516903191804886
38,train,1,0.9479,0.9411,0.6799999999999917,0.0242,0.0048,0.0238,0.1530173122882843
39,train,1,0.9486,0.9412,0.7399999999999962,0.0242,0.0052,0.0238,0.15448619425296783
40,train,2,0.944,0.9414,0.25999999999999357,0.023,0.0085,0.0234,0.13417677581310272
41,train,2,0.9455,0.9414,0.40999999999999925,0.0243,0.0056,0.0232,0.13494068384170532
42,train,2,0.9446,0.9414,0.31999999999999806,0.0244,0.0057,0.0232,0.13577690720558167
43,train,2,0.9446,0.9416,0.30000000000000027,0.0232,0.0048,0.0232,0.1364835649728775
44,train,2,0.9457,0.9414,0.42999999999999705,0.0229,0.0034,0.0232,0.13741689920425415
45,train,2,0.9459,0.9417,0.41999999999999815,0.023,0.0051,0.0229,0.13834792375564575
46,train,2,0.9455,0.9416,0.39000000000000146,0.023,0.0046,0.0231,0.13930769264698029
47,train,2,0.9454,0.9417,0.37000000000000366,0.0243,0.0057,0.023,0.14016558229923248
48,train,2,0.9457,0.9418,0.39000000000000146,0.023,0.0039,0.0231,0.14112423360347748
49,train,2,0.9471,0.9416,0.550000000000006,0.0235,0.0039,0.0232,0.14220556616783142
50,train,2,0.9467,0.9414,0.5299999999999971,0.0223,0.0033,0.0233,0.14329838752746582
51,train,2,0.9473,0.9412,0.6099999999999994,0.0228,0.0027,0.0233,0.1444747895002365
52,train,2,0.9473,0.9413,0.6000000000000005,0.0237,0.0033,0.0235,0.1456621140241623
53,train,2,0.9477,0.9415,0.6199999999999983,0.0232,0.0035,0.0235,0.14676815271377563
54,train,2,0.948,0.9415,0.649999999999995,0.0233,0.0044,0.0235,0.14799457788467407
55,train,2,0.9479,0.9414,0.649999999999995,0.0229,0.0051,0.0236,0.14928361773490906
56,train,2,0.9477,0.9413,0.6399999999999961,0.0245,0.0042,0.0237,0.15057428181171417
57,train,2,0.9475,0.9411,0.6399999999999961,0.0243,0.0043,0.0239,0.1518133282661438
58,train,2,0.9485,0.9411,0.7399999999999962,0.024,0.0049,0.0238,0.15316063165664673
59,train,2,0.9486,0.9412,0.7399999999999962,0.0239,0.0044,0.0238,0.1545785516500473
60,train,3,0.9443,0.9414,0.29000000000000137,0.0236,0.0076,0.0234,0.13423751294612885
61,train,3,0.9446,0.9414,0.31999999999999806,0.024,0.0062,0.0232,0.13502918183803558
62,train,3,0.9457,0.9414,0.42999999999999705,0.0242,0.0069,0.0232,0.13574093580245972
63,train,3,0.9446,0.9416,0.30000000000000027,0.0233,0.0047,0.0232,0.13655035197734833
64,train,3,0.9454,0.9414,0.40000000000000036,0.0226,0.0031,0.0232,0.13741841912269592
65,train,3,0.9455,0.9417,0.38000000000000256,0.0235,0.0043,0.0229,0.1384149044752121
66,train,3,0.946,0.9416,0.43999999999999595,0.0234,0.0043,0.0231,0.13925385475158691
67,train,3,0.9465,0.9416,0.49000000000000155,0.0227,0.0043,0.0231,0.14012643694877625
68,train,3,0.9459,0.9418,0.40999999999999925,0.0231,0.0041,0.0231,0.14119386672973633
69,train,3,0.9461,0.9416,0.45000000000000595,0.0219,0.0041,0.0232,0.14222776889801025
70,train,3,0.9464,0.9414,0.5000000000000004,0.0229,0.0046,0.0234,0.14337195456027985
71,train,3,0.947,0.9412,0.5799999999999916,0.0244,0.0038,0.0233,0.1443714201450348
72,train,3,0.9474,0.9413,0.6099999999999994,0.0241,0.0034,0.0235,0.14560995995998383
73,train,3,0.9473,0.9415,0.5800000000000027,0.0242,0.0064,0.0235,0.1467914581298828
74,train,3,0.9472,0.9415,0.5700000000000038,0.025,0.0054,0.0235,0.14796100556850433
75,train,3,0.9474,0.9414,0.6000000000000005,0.0242,0.0049,0.0236,0.14932748675346375
76,train,3,0.9475,0.9413,0.6199999999999983,0.0243,0.0042,0.0237,0.15057174861431122
77,train,3,0.9478,0.9411,0.6699999999999928,0.0251,0.0049,0.0239,0.1518198400735855
78,train,3,0.9488,0.9411,0.7699999999999929,0.0242,0.0053,0.0238,0.15313228964805603
79,train,3,0.9488,0.9412,0.759999999999994,0.0227,0.0054,0.0238,0.15459118783473969
80,train,4,0.9438,0.9414,0.23999999999999577,0.0241,0.007,0.0234,0.13426098227500916
81,train,4,0.9439,0.9414,0.24999999999999467,0.026,0.0078,0.0232,0.13490726053714752
82,train,4,0.9446,0.9414,0.31999999999999806,0.0236,0.0068,0.0232,0.13559554517269135
83,train,4,0.9451,0.9416,0.35000000000000586,0.023,0.0056,0.0232,0.13647522032260895
84,train,4,0.9454,0.9414,0.40000000000000036,0.0233,0.0045,0.0232,0.13736221194267273
85,train,4,0.9456,0.9416,0.40000000000000036,0.0224,0.0045,0.023,0.13816405832767487
86,train,4,0.9451,0.9416,0.35000000000000586,0.0238,0.0041,0.0231,0.1390957087278366
87,train,4,0.9463,0.9417,0.46000000000000485,0.0232,0.0054,0.023,0.14014290273189545
88,train,4,0.9467,0.9418,0.49000000000000155,0.0235,0.0041,0.0231,0.14117184281349182
89,train,4,0.9462,0.9416,0.46000000000000485,0.0251,0.006,0.0232,0.14218451082706451
90,train,4,0.947,0.9414,0.5599999999999938,0.024,0.0044,0.0234,0.14330905675888062
91,train,4,0.9468,0.9412,0.5599999999999938,0.0231,0.0038,0.0233,0.1444268375635147
92,train,4,0.9471,0.9413,0.5800000000000027,0.0233,0.0035,0.0235,0.14554612338542938
93,train,4,0.9475,0.9415,0.6000000000000005,0.0227,0.0037,0.0235,0.1466917246580124
94,train,4,0.9473,0.9415,0.5800000000000027,0.0224,0.0054,0.0235,0.1479405015707016
95,train,4,0.9475,0.9414,0.6099999999999994,0.0244,0.0035,0.0236,0.1491049826145172
96,train,4,0.9486,0.9413,0.7299999999999973,0.0246,0.0045,0.0237,0.1505041867494583
97,train,4,0.9478,0.9411,0.6699999999999928,0.0249,0.0047,0.0239,0.15176832675933838
98,train,4,0.9483,0.9411,0.7199999999999984,0.0261,0.0047,0.0238,0.15321682393550873
99,train,4,0.9482,0.9412,0.7000000000000006,0.0249,0.0075,0.0238,0.15457957983016968
100,train,5,0.9444,0.9414,0.30000000000000027,0.0254,0.0071,0.0234,0.13433128595352173
101,train,5,0.9449,0.9414,0.34999999999999476,0.0233,0.0057,0.0232,0.13500377535820007
102,train,5,0.9442,0.9414,0.28000000000000247,0.0235,0.0051,0.0232,0.13566899299621582
103,train,5,0.9457,0.9416,0.40999999999999925,0.0251,0.006,0.0232,0.1365150809288025
104,train,5,0.9453,0.9414,0.39000000000000146,0.0228,0.0053,0.0232,0.13732126355171204
105,train,5,0.9458,0.9416,0.41999999999999815,0.0238,0.0052,0.023,0.1381089687347412
106,train,5,0.9456,0.9416,0.40000000000000036,0.022,0.0037,0.0231,0.13907355070114136
107,train,5,0.9461,0.9417,0.44000000000000705,0.022,0.003,0.023,0.1401391327381134
108,train,5,0.9464,0.9418,0.46000000000000485,0.0229,0.0039,0.0231,0.1411852091550827
109,train,5,0.9469,0.9416,0.5299999999999971,0.0232,0.0027,0.0232,0.14216630160808563
110,train,5,0.9471,0.9413,0.5800000000000027,0.0223,0.0038,0.0234,0.14329735934734344
111,train,5,0.9468,0.9412,0.5599999999999938,0.0235,0.0037,0.0233,0.14436551928520203
112,train,5,0.9469,0.9413,0.5599999999999938,0.0238,0.0046,0.0235,0.14538417756557465
113,train,5,0.9469,0.9415,0.539999999999996,0.0247,0.0046,0.0235,0.14668962359428406
114,train,5,0.9475,0.9415,0.6000000000000005,0.0227,0.0043,0.0235,0.14788010716438293
115,train,5,0.948,0.9414,0.6599999999999939,0.0234,0.0055,0.0236,0.14921437203884125
116,train,5,0.948,0.9413,0.6699999999999928,0.0245,0.003,0.0237,0.15051808953285217
117,train,5,0.9477,0.9411,0.6599999999999939,0.0248,0.0039,0.0239,0.15174929797649384
118,train,5,0.9484,0.9411,0.7299999999999973,0.0234,0.0046,0.0238,0.1530924141407013
119,train,5,0.9484,0.9412,0.7199999999999984,0.0242,0.005,0.0238,0.15451671183109283
120,train,6,0.9446,0.9414,0.31999999999999806,0.0244,0.0066,0.0234,0.13410983979701996
121,train,6,0.9441,0.9414,0.27000000000000357,0.0246,0.0066,0.0232,0.13480471074581146
122,train,6,0.945,0.9414,0.35999999999999366,0.0243,0.0048,0.0232,0.1356678307056427
123,train,6,0.945,0.9416,0.33999999999999586,0.0223,0.0052,0.0232,0.13646849989891052
124,train,6,0.9458,0.9414,0.43999999999999595,0.0241,0.005,0.0232,0.13723568618297577
125,train,6,0.9452,0.9416,0.36000000000000476,0.0227,0.0046,0.023,0.13809415698051453
126,train,6,0.946,0.9416,0.43999999999999595,0.0224,0.004,0.0231,0.13895516097545624
127,train,6,0.9452,0.9416,0.36000000000000476,0.0237,0.0054,0.0231,0.13999268412590027
128,train,6,0.9466,0.9417,0.49000000000000155,0.0238,0.0043,0.0232,0.14094822108745575
129,train,6,0.946,0.9416,0.43999999999999595,0.0245,0.0053,0.0232,0.1420697569847107
130,train,6,0.9471,0.9414,0.5700000000000038,0.0243,0.0039,0.0234,0.14315840601921082
131,train,6,0.9464,0.9412,0.5199999999999982,0.0241,0.0041,0.0233,0.14431394636631012
132,train,6,0.9474,0.9413,0.6099999999999994,0.0236,0.0031,0.0235,0.14545759558677673
133,train,6,0.9478,0.9415,0.6299999999999972,0.0233,0.0045,0.0235,0.1466410607099533
134,train,6,0.9477,0.9415,0.6199999999999983,0.024,0.0031,0.0235,0.1477581411600113
135,train,6,0.9474,0.9414,0.6000000000000005,0.0242,0.0041,0.0236,0.14902830123901367
136,train,6,0.948,0.9413,0.6699999999999928,0.024,0.0047,0.0237,0.15033966302871704
137,train,6,0.9486,0.9412,0.7399999999999962,0.0253,0.0039,0.0238,0.15166614949703217
138,train,6,0.9484,0.9411,0.7299999999999973,0.0248,0.0051,0.0238,0.15293225646018982
139,train,6,0.9487,0.9411,0.759999999999994,0.0238,0.0041,0.0237,0.15435543656349182
140,train,7,0.9439,0.9414,0.24999999999999467,0.0239,0.0072,0.0234,0.13418200612068176
141,train,7,0.9446,0.9414,0.31999999999999806,0.0236,0.0063,0.0232,0.1349320113658905
142,train,7,0.9446,0.9414,0.31999999999999806,0.0245,0.0064,0.0232,0.13561353087425232
143,train,7,0.9454,0.9416,0.38000000000000256,0.0239,0.0041,0.0232,0.13641135394573212
144,train,7,0.9453,0.9414,0.39000000000000146,0.0239,0.0053,0.0232,0.13729386031627655
145,train,7,0.9461,0.9417,0.44000000000000705,0.023,0.0034,0.0229,0.1382162719964981
146,train,7,0.9462,0.9416,0.46000000000000485,0.0237,0.0051,0.0231,0.13904701173305511
147,train,7,0.9455,0.9417,0.38000000000000256,0.0226,0.0049,0.023,0.14007604122161865
148,train,7,0.9471,0.9418,0.5300000000000082,0.0231,0.0021,0.0231,0.1411839723587036
149,train,7,0.9463,0.9416,0.47000000000000375,0.0243,0.0042,0.0232,0.14211077988147736
150,train,7,0.947,0.9414,0.5599999999999938,0.0236,0.0039,0.0234,0.14312179386615753
151,train,7,0.9465,0.9412,0.5299999999999971,0.0233,0.0034,0.0233,0.14431671798229218
152,train,7,0.9468,0.9413,0.5499999999999949,0.024,0.004,0.0235,0.14550326764583588
153,train,7,0.9477,0.9415,0.6199999999999983,0.0242,0.0041,0.0235,0.14667247235774994
154,train,7,0.9476,0.9415,0.6099999999999994,0.0231,0.0036,0.0235,0.14787523448467255
155,train,7,0.9472,0.9414,0.5800000000000027,0.0222,0.0055,0.0236,0.14923524856567383
156,train,7,0.9479,0.9413,0.6599999999999939,0.0248,0.0057,0.0237,0.1504504382610321
157,train,7,0.9485,0.9411,0.7399999999999962,0.0248,0.0049,0.0239,0.15184277296066284
158,train,7,0.948,0.9411,0.6899999999999906,0.0248,0.0051,0.0238,0.15306399762630463
159,train,7,0.9487,0.9412,0.7499999999999951,0.0229,0.0062,0.0238,0.15444502234458923
160,validation,8,0.944,0.9414,0.25999999999999357,0.024,0.0073,0.0234,0.13422438502311707
161,validation,8,0.9439,0.9414,0.24999999999999467,0.0244,0.0075,0.0232,0.13498136401176453
162,validation,8,0.9443,0.9414,0.29000000000000137,0.0237,0.0067,0.0232,0.13584497570991516
163,validation,8,0.946,0.9415,0.44999999999999485,0.0235,0.0037,0.0231,0.1366301029920578
164,validation,8,0.9454,0.9414,0.40000000000000036,0.0231,0.0038,0.0232,0.13742783665657043
165,validation,8,0.9457,0.9417,0.40000000000000036,0.0232,0.0043,0.0229,0.13830554485321045
166,validation,8,0.9461,0.9416,0.45000000000000595,0.0237,0.0039,0.0231,0.13921593129634857
167,validation,8,0.9463,0.9416,0.47000000000000375,0.0233,0.0038,0.0231,0.14026948809623718
168,validation,8,0.9466,0.9418,0.48000000000000265,0.0242,0.005,0.0231,0.14129962027072906
169,validation,8,0.9462,0.9416,0.46000000000000485,0.0231,0.0054,0.0232,0.1422097086906433
170,validation,8,0.9464,0.9414,0.5000000000000004,0.0235,0.0041,0.0234,0.14320844411849976
171,validation,8,0.9468,0.9412,0.5599999999999938,0.0238,0.0033,0.0233,0.14438021183013916
172,validation,8,0.9477,0.9413,0.6399999999999961,0.0234,0.0033,0.0235,0.14563333988189697
173,validation,8,0.9468,0.9415,0.5299999999999971,0.0241,0.0038,0.0235,0.1467810720205307
174,validation,8,0.9476,0.9415,0.6099999999999994,0.0232,0.0041,0.0235,0.14796048402786255
175,validation,8,0.9481,0.9414,0.6700000000000039,0.0232,0.0055,0.0236,0.14911186695098877
176,validation,8,0.9483,0.9413,0.7000000000000006,0.0239,0.0047,0.0237,0.15037256479263306
177,validation,8,0.9477,0.9411,0.6599999999999939,0.024,0.0042,0.0239,0.15176363289356232
178,validation,8,0.9481,0.9411,0.7000000000000006,0.0241,0.0051,0.0238,0.15315285325050354
179,validation,8,0.9489,0.9412,0.7699999999999929,0.025,0.0043,0.0238,0.15457206964492798
