probe,coefficient,validation_accuracy,normalized_rms_to_weight_average,prediction_disagreement_to_weight_average,expanded_latent_norm
grid_00,-1.719097375869751,0.9414,0.3776092231273651,0.0234,19.449237823486328
grid_01,-1.5508155822753906,0.9413,0.3775731325149536,0.0233,17.545358657836914
grid_02,-1.3825336694717407,0.9414,0.3775416612625122,0.0232,15.6414794921875
grid_03,-1.2142518758773804,0.9414,0.3775148093700409,0.0232,13.737598419189453
grid_04,-1.0459699630737305,0.9415,0.3774925768375397,0.0231,11.833718299865723
grid_05,-0.8776881694793701,0.9415,0.37747493386268616,0.0231,9.929840087890625
grid_06,-0.7094063758850098,0.9416,0.37746188044548035,0.0231,8.025959968566895
grid_07,-0.5411245226860046,0.9417,0.37745344638824463,0.0232,6.122080326080322
grid_08,-0.3728426694869995,0.9416,0.3774496018886566,0.0231,4.218200206756592
grid_09,-0.20456083118915558,0.9418,0.3774503767490387,0.0231,2.3143203258514404
grid_10,-0.03627905249595642,0.9416,0.37745577096939087,0.0232,0.41044139862060547
grid_11,0.1320027858018875,0.9414,0.37746575474739075,0.0233,1.4934383630752563
grid_12,0.30028462409973145,0.9412,0.3774803578853607,0.0233,3.397318124771118
grid_13,0.4685664772987366,0.9413,0.3774995505809784,0.0235,5.301198482513428
grid_14,0.6368483304977417,0.9415,0.37752336263656616,0.0235,7.205078125
grid_15,0.805130124092102,0.9415,0.37755176424980164,0.0235,9.10895824432373
grid_16,0.9734119772911072,0.9414,0.3775847852230072,0.0236,11.012837409973145
grid_17,1.1416938304901123,0.9413,0.37762242555618286,0.0237,12.916717529296875
grid_18,1.3099756240844727,0.9411,0.3776646554470062,0.0239,14.820596694946289
grid_19,1.4782575368881226,0.9411,0.3777114450931549,0.0238,16.724477767944336
grid_20,1.646539330482483,0.9412,0.37776288390159607,0.0238,18.62835693359375
scalar_mean,0.0,0.9415,0.37745752930641174,0.0233,7.842827471904457e-05
