representation,components,cumulative_variance
normalized_weights,1,0.9390357928708362
normalized_weights,2,0.9441531180352001
normalized_weights,3,0.9484427563053031
normalized_weights,4,0.9523069122561663
normalized_weights,5,0.9559353304183322
normalized_weights,6,0.9593494702620691
normalized_weights,7,0.9626377732739544
normalized_weights,8,0.9658300699721625
normalized_weights,9,0.9688353808363399
normalized_weights,10,0.9698325182801355
normalized_weights,11,0.9705998018436164
normalized_weights,12,0.9712531117735685
normalized_weights,13,0.9718577430488397
normalized_weights,14,0.9724393575215249
normalized_weights,15,0.9730193238321448
normalized_weights,16,0.9735662405364042
normalized_weights,17,0.9740988217813998
normalized_weights,18,0.9746212308778428
normalized_weights,19,0.9751379272421007
normalized_weights,20,0.9756436565188045
normalized_weights,21,0.9761446367804889
normalized_weights,22,0.9766336365699172
normalized_weights,23,0.9771204045591262
normalized_weights,24,0.9775806646649793
normalized_weights,25,0.9780393505078577
normalized_weights,26,0.9784825891789062
normalized_weights,27,0.9789134537666717
normalized_weights,28,0.9793384971069986
normalized_weights,29,0.9797591953437146
normalized_weights,30,0.9801709948388588
normalized_weights,31,0.9805808808448085
normalized_weights,32,0.9809874354710151
normalized_weights,33,0.9813860488091236
normalized_weights,34,0.9817821913879711
normalized_weights,35,0.9821651262811881
normalized_weights,36,0.9825454684510679
normalized_weights,37,0.9829223644169727
normalized_weights,38,0.9832821709741534
normalized_weights,39,0.9836356897250754
normalized_weights,40,0.9839838039818649
normalized_weights,41,0.9843241789757137
normalized_weights,42,0.9846606289861374
normalized_weights,43,0.9849958833870156
normalized_weights,44,0.9853221828899338
normalized_weights,45,0.9856469026908513
normalized_weights,46,0.9859695321715451
normalized_weights,47,0.9862881674887085
normalized_weights,48,0.986600621266801
normalized_weights,49,0.9869095561128752
normalized_weights,50,0.9872153587677294
normalized_weights,51,0.9875079990631709
normalized_weights,52,0.9877976443099531
normalized_weights,53,0.9880807936121794
normalized_weights,54,0.9883594153286309
normalized_weights,55,0.9886346254807122
normalized_weights,56,0.9889062214329414
normalized_weights,57,0.989171387338044
normalized_weights,58,0.9894293544265828
normalized_weights,59,0.9896858335139586
normalized_weights,60,0.9899361487073255
normalized_weights,61,0.9901834567384066
normalized_weights,62,0.9904243921952126
normalized_weights,63,0.990657477901119
normalized_weights,64,0.9908861209623975
normalized_weights,65,0.9911070579672198
normalized_weights,66,0.9913252092219214
normalized_weights,67,0.9915371102173675
normalized_weights,68,0.9917336189180733
normalized_weights,69,0.9919285770669929
normalized_weights,70,0.9921181885061433
normalized_weights,71,0.9923008127103126
normalized_weights,72,0.992481717197455
normalized_weights,73,0.9926508535089303
normalized_weights,74,0.992819354572857
normalized_weights,75,0.9929836069627426
normalized_weights,76,0.9931457367890161
normalized_weights,77,0.9933060466751562
normalized_weights,78,0.9934653418812517
normalized_weights,79,0.993621363062602
normalized_weights,80,0.9937747907011807
normalized_weights,81,0.9939233475424342
normalized_weights,82,0.9940702874569822
normalized_weights,83,0.9942146851184602
normalized_weights,84,0.9943533078786231
normalized_weights,85,0.9944907545641093
normalized_weights,86,0.9946263154842157
normalized_weights,87,0.9947600786762577
normalized_weights,88,0.994893175609675
normalized_weights,89,0.9950233902613921
normalized_weights,90,0.9951504969970202
normalized_weights,91,0.995275628877094
normalized_weights,92,0.995400060687408
normalized_weights,93,0.9955231398280722
normalized_weights,94,0.9956448187529601
normalized_weights,95,0.9957646734270174
normalized_weights,96,0.9958818276284047
normalized_weights,97,0.9959966354313892
normalized_weights,98,0.9961093007569297
normalized_weights,99,0.996220575081522
normalized_weights,100,0.9963312051709816
normalized_weights,101,0.9964397170655589
normalized_weights,102,0.9965460035962075
normalized_weights,103,0.9966502000919168
normalized_weights,104,0.9967541650032836
normalized_weights,105,0.996856419458927
normalized_weights,106,0.9969561437098532
normalized_weights,107,0.9970549764062139
normalized_weights,108,0.9971529193456381
normalized_weights,109,0.9972493938054189
normalized_weights,110,0.9973435558804856
normalized_weights,111,0.9974360649219984
normalized_weights,112,0.9975273553697002
normalized_weights,113,0.9976173340675988
normalized_weights,114,0.9977069137889917
normalized_weights,115,0.9977931026129487
normalized_weights,116,0.9978787137701127
normalized_weights,117,0.9979621790981408
normalized_weights,118,0.9980441105103507
normalized_weights,119,0.9981253923182545
normalized_weights,120,0.9982058873805242
normalized_weights,121,0.998284626376295
normalized_weights,122,0.9983615862899609
normalized_weights,123,0.9984379673698153
normalized_weights,124,0.9985128218859185
normalized_weights,125,0.9985871429968676
normalized_weights,126,0.9986597212947909
normalized_weights,127,0.9987302912428958
normalized_weights,128,0.9987991549758991
normalized_weights,129,0.9988675887757253
normalized_weights,130,0.9989334143049481
normalized_weights,131,0.9989978362395947
normalized_weights,132,0.999059879290935
normalized_weights,133,0.9991192864882812
normalized_weights,134,0.9991765578482867
normalized_weights,135,0.9992315585515439
normalized_weights,136,0.9992854882967398
normalized_weights,137,0.9993349286159096
normalized_weights,138,0.9993819322172285
normalized_weights,139,0.999427015025359
normalized_weights,140,0.999471465892108
normalized_weights,141,0.9995139924114005
normalized_weights,142,0.9995531022442187
normalized_weights,143,0.9995914147017009
normalized_weights,144,0.9996280897079459
normalized_weights,145,0.999663185348626
normalized_weights,146,0.9996961810945212
normalized_weights,147,0.9997281111901215
normalized_weights,148,0.9997574783196751
normalized_weights,149,0.9997858091309345
normalized_weights,150,0.9998126710976801
normalized_weights,151,0.9998380516505266
normalized_weights,152,0.999861950269081
normalized_weights,153,0.9998854078783206
normalized_weights,154,0.9999070789806587
normalized_weights,155,0.9999274684466859
normalized_weights,156,0.9999473686902592
normalized_weights,157,0.9999660109243463
normalized_weights,158,0.9999838558300336
normalized_weights,159,0.9999999999999997
normalized_weights,160,0.9999999999999997
standardized_codes,1,0.9999875075316148
standardized_codes,2,0.9999928775845622
standardized_codes,3,0.9999942575673775
standardized_codes,4,0.9999952863831433
standardized_codes,5,0.9999960292351927
standardized_codes,6,0.9999964263042721
standardized_codes,7,0.9999967848721159
standardized_codes,8,0.9999970772418005
standardized_codes,9,0.9999973504531464
standardized_codes,10,0.9999975965752861
standardized_codes,11,0.9999978011696654
standardized_codes,12,0.9999979817071505
standardized_codes,13,0.999998150776432
standardized_codes,14,0.9999982952742509
standardized_codes,15,0.9999984208038477
standardized_codes,16,0.9999985291955071
standardized_codes,17,0.99999863340825
standardized_codes,18,0.9999987281196949
standardized_codes,19,0.9999988121222796
standardized_codes,20,0.9999988928315084
standardized_codes,21,0.9999989637882458
standardized_codes,22,0.9999990296498396
standardized_codes,23,0.9999990920291347
standardized_codes,24,0.9999991460062402
standardized_codes,25,0.9999991931391289
standardized_codes,26,0.9999992381703136
standardized_codes,27,0.9999992818622809
standardized_codes,28,0.9999993214849967
standardized_codes,29,0.9999993603885899
standardized_codes,30,0.9999993961155862
standardized_codes,31,0.9999994292959787
standardized_codes,32,0.9999994602514608
standardized_codes,33,0.9999994891274478
standardized_codes,34,0.9999995166228801
standardized_codes,35,0.9999995429280096
standardized_codes,36,0.9999995687236881
standardized_codes,37,0.9999995916183958
standardized_codes,38,0.9999996130143893
standardized_codes,39,0.9999996333199865
standardized_codes,40,0.9999996521441901
standardized_codes,41,0.9999996704780061
standardized_codes,42,0.9999996879189802
standardized_codes,43,0.9999997046369876
standardized_codes,44,0.9999997202702701
standardized_codes,45,0.9999997351122244
standardized_codes,46,0.9999997489876474
standardized_codes,47,0.9999997619380887
standardized_codes,48,0.9999997741596242
standardized_codes,49,0.9999997855427838
standardized_codes,50,0.9999997966767857
standardized_codes,51,0.9999998075175824
standardized_codes,52,0.9999998178193712
standardized_codes,53,0.9999998272223461
standardized_codes,54,0.99999983637925
standardized_codes,55,0.999999845290834
standardized_codes,56,0.9999998536380795
standardized_codes,57,0.9999998616277099
standardized_codes,58,0.999999868859153
standardized_codes,59,0.9999998756571383
standardized_codes,60,0.9999998821221641
standardized_codes,61,0.9999998882467444
standardized_codes,62,0.9999998940527706
standardized_codes,63,0.9999998997528015
standardized_codes,64,0.9999999051372883
standardized_codes,65,0.9999999103846903
standardized_codes,66,0.9999999153855103
standardized_codes,67,0.9999999199695411
standardized_codes,68,0.9999999244270433
standardized_codes,69,0.9999999287679419
standardized_codes,70,0.9999999328707588
standardized_codes,71,0.9999999366742355
standardized_codes,72,0.9999999402687546
standardized_codes,73,0.9999999435193144
standardized_codes,74,0.9999999466724878
standardized_codes,75,0.999999949782577
standardized_codes,76,0.9999999527666937
standardized_codes,77,0.9999999554567477
standardized_codes,78,0.9999999580209789
standardized_codes,79,0.9999999604983977
standardized_codes,80,0.999999962780208
standardized_codes,81,0.9999999649685799
standardized_codes,82,0.9999999670546401
standardized_codes,83,0.9999999690690327
standardized_codes,84,0.9999999709752856
standardized_codes,85,0.9999999728207839
standardized_codes,86,0.9999999745961584
standardized_codes,87,0.9999999762915146
standardized_codes,88,0.999999977967561
standardized_codes,89,0.9999999794881624
standardized_codes,90,0.9999999809775517
standardized_codes,91,0.999999982326165
standardized_codes,92,0.9999999836054942
standardized_codes,93,0.9999999847622042
standardized_codes,94,0.9999999858380186
standardized_codes,95,0.9999999868624331
standardized_codes,96,0.9999999878173573
standardized_codes,97,0.9999999887522095
standardized_codes,98,0.9999999896499631
standardized_codes,99,0.99999999051386
standardized_codes,100,0.9999999912632059
standardized_codes,101,0.9999999919916788
standardized_codes,102,0.9999999926881806
standardized_codes,103,0.9999999933279616
standardized_codes,104,0.9999999939585473
standardized_codes,105,0.9999999945605779
standardized_codes,106,0.999999995084476
standardized_codes,107,0.999999995573647
standardized_codes,108,0.9999999960396267
standardized_codes,109,0.9999999964476121
standardized_codes,110,0.9999999968420888
standardized_codes,111,0.9999999971819702
standardized_codes,112,0.9999999975083967
standardized_codes,113,0.9999999978062079
standardized_codes,114,0.9999999980680556
standardized_codes,115,0.9999999983175506
standardized_codes,116,0.9999999985561534
standardized_codes,117,0.9999999987710234
standardized_codes,118,0.9999999989607191
standardized_codes,119,0.9999999991461714
standardized_codes,120,0.9999999993085624
standardized_codes,121,0.9999999994534927
standardized_codes,122,0.9999999995828877
standardized_codes,123,0.9999999996897171
standardized_codes,124,0.9999999997772525
standardized_codes,125,0.9999999998550976
standardized_codes,126,0.999999999913445
standardized_codes,127,0.9999999999668678
standardized_codes,128,1.0000000000000004
