split,tensor,source_variance,reconstructed_variance,variance_ratio,centered_mse,mean_bias_mse,reconstruction_mse,centered_error_fraction
train,layers.1.weight,0.0009709406648225952,6.106082913867834e-05,0.06288832196541591,0.0008391521704111493,0.14650527510470507,0.1473444272751162,0.8642672006785033
train,layers.1.bias,0.0010875728012293986,7.338735691768283e-05,0.06747810981915449,0.001035197366991387,0.0011049410515293978,0.0021401384185207846,0.9518419050395467
train,layers.3.weight,0.0006261112930827281,7.1306636653102e-05,0.11388811772107782,0.0005467961307938938,0.0052853001813736224,0.005832096312167516,0.8733209843599574
train,layers.3.bias,0.0009254556647261087,7.034212830381e-05,0.0760081017221154,0.0010667451399508845,0.000620404410600259,0.0016871495505511435,1.152670171689522
train,layers.5.weight,0.0010228192958517818,7.176347625004248e-05,0.07016241924755576,0.0009124343224677694,0.0007581864401792433,0.0016706207626470126,0.8920777366718663
train,layers.5.bias,0.00019617931425186224,7.24889639970931e-05,0.3695036057880654,0.0001347308523631862,0.0002890308169445849,0.00042376166930777114,0.686773999985614
validation,layers.1.weight,0.0009440787304697594,6.095700968200318e-05,0.06456771846948811,0.0008123078850172818,0.14659277358845724,0.14740508147347453,0.8604238807637257
validation,layers.1.bias,0.001071500439889649,7.324498900590886e-05,0.06835740451348034,0.0010159083539258754,0.0011092617757205163,0.0021251701296463917,0.9481175332326519
validation,layers.3.weight,0.0006148509536341594,7.118625605387685e-05,0.11577806886875737,0.0005357191760377298,0.0053117738439487725,0.0058474930199865025,0.8712992520728632
validation,layers.3.bias,0.0008534949531326576,7.02276918969867e-05,0.0822824922856589,0.0009899046308774364,0.000601893088258562,0.0015917977191359984,1.1598248205734578
validation,layers.5.weight,0.0009856223732422572,7.164337784199636e-05,0.07268846546808963,0.0008725574748825498,0.0007903280291243333,0.0016628855040068831,0.8852857834509433
validation,layers.5.bias,0.00019998391523750713,7.236963948416707e-05,0.36187730097302395,0.0001355684583687018,0.00028149539450260543,0.00041706385287130723,0.6778968108894982
